1,同城游飞行棋_6元60个钻石,1,2,4
2,同城游飞行棋_12元125个钻石,1,2,4
3,同城游飞行棋_30元320个钻石,1,2,4
4,同城游飞行棋_68元770个钻石,1,2,4
5,同城游飞行棋_138元1640个钻石,1,2,4
6,同城游飞行棋_288元3600个钻石,1,2,4
7,双扣(新)_2元120积分,1,2,4
8,双扣(新)_6元360积分,1,2,4
9,双扣(新)_10元600积分,1,2,4
10,双扣(新)_20元1320积分,1,2,4
11,双扣(新)_50元3360积分,1,2,4
12,双扣(新)_100元6900积分,1,2,4
13,双扣(新)_300元20700积分,1,2,4
14,双扣(新)_500元34800积分,1,2,4
15,双扣(新)_1000元70200积分,1,2,4
16,双扣(新)_2元到达100积分,1,2,4
17,双扣(新)_6元到达300积分,1,2,4
18,双扣(新)_10元到达600积分,1,2,4
19,双扣(新)_20元到达1200积分,1,2,4
20,双扣(新)_6元480积分,1,2,4
21,双扣(新)_10元800积分,1,2,4
22,双扣(新)_20元1600积分,1,2,4
23,斗地主_2元12000两银子,1,1,4
24,斗地主_6元45000两银子,1,1,4
25,斗地主_10元90000两银子,1,1,4
26,掼蛋_2元12000两银子,1,1,4
27,掼蛋_6元45000两银子,1,1,4
28,掼蛋_10元90000两银子,1,1,4
29,掼蛋_20元220000两银子,1,1,4
30,掼蛋_50元555000两银子,1,1,4
31,掼蛋_100元1150000两银子,1,1,4
32,掼蛋_300元3450000两银子,1,1,4
33,掼蛋_500元5800000两银子,1,1,4
34,掼蛋_1000元11700000两银子,1,1,4
35,斗地主_20元220000两银子,1,1,4
36,斗地主_50元555000两银子,1,1,4
37,斗地主_100元1150000两银子,1,1,4
38,斗地主_300元3450000两银子,1,1,4
39,斗地主_500元5800000两银子,1,1,4
40,斗地主_1000元11700000两银子,1,1,4
41,逮狗腿_2元负分清零,1,2,4
42,逮狗腿_6元到达120积分,1,2,4
43,逮狗腿_20元到达1200积分,1,2,4
44,邹平够级_1元负分清零,1,2,4
45,邹平够级_2元30积分,1,2,4
46,邹平够级_6元100积分,1,2,4
47,邹平够级_10元170积分,1,2,4
48,邹平够级_20元350积分,1,2,4
49,邹平够级_60元1100积分,1,2,4
50,邹平够级_100元2000积分,1,2,4
51,邹平够级_200元4200积分,1,2,4
52,邹平够级_500元11000积分,1,2,4
53,邹平够级_1000元25000积分,1,2,4
54,天天斗恶龙_1元10个钻石,1,2,4
55,天天斗恶龙_10元300个钻石,1,2,4
56,天天斗恶龙_98元1100个钻石,1,2,4
57,天天斗恶龙_488元5880个钻石,1,2,4
58,天天斗恶龙_6元60个钻石,1,2,4
59,天天斗恶龙_26元280个钻石,1,2,4
60,天天斗恶龙_58元630个钻石,1,2,4
61,天天斗恶龙_128元1450个钻石,1,2,4
62,天天斗恶龙_168元1960个钻石,1,2,4
63,天天斗恶龙_288元3380个钻石,1,2,4
64,天天斗恶龙_2元50个钻石,1,2,4
65,天天斗恶龙_9元100个钻石,1,2,4
66,原子(新)_1元负分清零,1,2,4
67,原子(新)_6元到达120积分,1,2,4
68,四冲_2元12000两银子,1,1,4
69,四冲_6元45000两银子,1,1,4
70,四冲_10元90000两银子,1,1,4
71,四冲_20元220000两银子,1,1,4
72,四冲_50元560000两银子,1,1,4
73,四冲_100元1150000两银子,1,1,4
74,四冲_300元3450000两银子,1,1,4
75,四冲_500元5800000两银子,1,1,4
76,四冲_1000元11700000两银子,1,1,4
77,宜兴炒地皮_2元到达20积分,1,2,4
78,宜兴炒地皮_6元到达120积分,1,2,4
79,宜兴炒地皮_10元到达200积分,1,2,4
80,宜兴炒地皮_20元到达500积分,1,2,4
81,宜兴炒地皮_50元到达1250积分,1,2,4
82,宜兴炒地皮_100元到达3000积分,1,2,4
83,吉林刨幺_2元12000两银子,1,1,4
84,吉林刨幺_6元45000两银子,1,1,4
85,吉林刨幺_10元90000两银子,1,1,4
86,吉林刨幺_20元220000两银子,1,1,4
87,吉林刨幺_50元555000两银子,1,1,4
88,吉林刨幺_100元1150000两银子,1,1,4
89,吉林刨幺_300元3450000两银子,1,1,4
90,吉林刨幺_500元5800000两银子,1,1,4
91,吉林刨幺_1000元11700000两银子,1,1,4
92,挖坑_2元12000两银子,1,1,4
93,挖坑_6元45000两银子,1,1,4
94,挖坑_10元90000两银子,1,1,4
95,挖坑_20元220000两银子,1,1,4
96,挖坑_50元555000两银子,1,1,4
97,挖坑_100元1150000两银子,1,1,4
98,挖坑_300元3450000两银子,1,1,4
99,挖坑_500元5800000两银子,1,1,4
100,挖坑_1000元11700000两银子,1,1,4
101,邹平够级_12元210积分,1,2,4
102,邹平够级_18元330积分,1,2,4
103,邹平够级_30元540积分,1,2,4
104,常州四副牌升级(新)_6元120积分,1,2,4
105,常州四副牌升级(新)_10元200积分,1,2,4
106,常州四副牌升级(新)_20元400积分,1,2,4
107,常州四副牌升级(新)_100元2200积分,1,2,4
108,常州四副牌升级(新)_2元到达20积分,1,2,4
109,常州四副牌升级(新)_6元到达120积分,1,2,4
110,常州四副牌升级(新)_10元到达200积分,1,2,4
111,常州四副牌升级(新)_20元到达400积分,1,2,4
112,德州扑克_2元12000两银子,1,1,4
113,德州扑克_6元45000两银子,1,1,4
114,德州扑克_10元90000两银子,1,1,4
115,德州扑克_20元220000两银子,1,1,4
116,德州扑克_50元555000两银子,1,1,4
117,德州扑克_100元1150000两银子,1,1,4
118,德州扑克_300元3450000两银子,1,1,4
119,德州扑克_500元5800000两银子,1,1,4
120,德州扑克_1000元11700000两银子,1,1,4
121,常州四副牌升级(新)_50元到达1000积分,1,2,4
122,升级_2元负分清零,1,2,4
123,美食喵喵喵_6元60个钻石,1,2,4
124,美食喵喵喵_15元160个钻石,1,2,4
125,美食喵喵喵_25元270个钻石,1,2,4
126,安吉红五(三人三副)_1元负分清零,1,2,4
127,温岭对家统(新)_1元到达10积分,1,2,4
128,温岭对家统(新)_6元到达80积分,1,2,4
129,美食喵喵喵_4元40个钻石,1,2,4
130,美食喵喵喵_8元80个钻石,1,2,4
131,美食喵喵喵_10元100个钻石,1,2,4
132,美食喵喵喵_3元30个钻石,1,2,4
133,美食喵喵喵_6元60个钻石,1,2,4
134,美食喵喵喵_3元30个钻石,1,2,4
135,美食喵喵喵_8元80个钻石,1,2,4
136,美食喵喵喵_6元60个钻石,1,2,4
137,美食喵喵喵_1元10个钻石,1,2,4
138,美食喵喵喵_10元100个钻石,1,2,4
139,美食喵喵喵_6元120个钻石,1,2,4
140,美食喵喵喵_15元310个钻石,1,2,4
141,美食喵喵喵_25元520个钻石,1,2,4
143,跑跑斗地主_2元20个钻石,1,2,4
144,跑跑斗地主_6元60个钻石,1,2,4
145,跑跑斗地主_18元200个钻石,1,2,4
146,跑跑斗地主_30元360个钻石,1,2,4
147,跑跑斗地主_60元700个钻石,1,2,4
148,跑跑斗地主_5元5个钻石,1,2,4
149,跑跑斗地主_10元10个钻石,1,2,4
150,跑跑斗地主_20元20个钻石,1,2,4
151,红十_2元负分清零,1,2,4
152,美女找茬_2元500个钻石,1,2,4
153,美女找茬_6元1650个钻石,1,2,4
154,美女找茬_10元3500个钻石,1,2,4
155,美女找茬_30元13500个钻石,1,2,4
156,美女找茬_2元1000个钻石,1,2,4
157,美女找茬_6元3300个钻石,1,2,4
158,美女找茬_10元7000个钻石,1,2,4
159,美女找茬_30元27000个钻石,1,2,4
160,同城游消灭星星_30元2344个钻石,1,2,4
161,同城游消灭星星_2元59个钻石,1,2,4
162,同城游消灭星星_6元229个钻石,1,2,4
163,同城游消灭星星_10元444个钻石,1,2,4
164,同城游消灭星星_20元1344个钻石,1,2,4
165,同城游消灭星星_30元4688个钻石,1,2,4
166,同城游消灭星星_2元108个钻石,1,2,4
167,同城游消灭星星_6元458个钻石,1,2,4
168,同城游消灭星星_10元888个钻石,1,2,4
169,同城游消灭星星_20元2688个钻石,1,2,4
170,常州四副牌升级(新)_100元到达2200积分,1,2,4
171,关牌(新)_2元12000两银子,1,1,4
172,关牌(新)_6元45000两银子,1,1,4
173,关牌(新)_10元90000两银子,1,1,4
174,关牌(新)_20元220000两银子,1,1,4
175,关牌(新)_50元555000两银子,1,1,4
176,关牌(新)_100元1150000两银子,1,1,4
177,关牌(新)_300元3450000两银子,1,1,4
178,关牌(新)_500元5800000两银子,1,1,4
179,关牌(新)_1000元11700000两银子,1,1,4
180,打滚子(新)_1元到达10积分,1,2,4
184,宜兴炒地皮_12元到达240积分,1,2,4
185,宜兴炒地皮_18元到达450积分,1,2,4
186,宜兴炒地皮_30元到达750积分,1,2,4
187,宜兴炒地皮_108元到达3240积分,1,2,4
188,吉林刨幺_6元45000两银子,1,1,4
189,吉林刨幺_12元108000两银子,1,1,4
190,吉林刨幺_18元198000两银子,1,1,4
191,吉林刨幺_50元555000两银子,1,1,4
192,吉林刨幺_98元1127000两银子,1,1,4
193,吉林刨幺_298元3427000两银子,1,1,4
194,跑胡子_2元12000两银子,1,1,4
195,跑胡子_6元45000两银子,1,1,4
196,跑胡子_10元90000两银子,1,1,4
197,跑胡子_20元220000两银子,1,1,4
198,跑胡子_50元555000两银子,1,1,4
199,跑胡子_100元1150000两银子,1,1,4
200,跑胡子_300元3450000两银子,1,1,4
201,跑胡子_500元5800000两银子,1,1,4
202,跑胡子_1000元11700000两银子,1,1,4
203,苏州麻将(新)_2元12000两银子,1,1,4
204,苏州麻将(新)_6元45000两银子,1,1,4
205,苏州麻将(新)_10元90000两银子,1,1,4
206,苏州麻将(新)_20元220000两银子,1,1,4
207,苏州麻将(新)_50元555000两银子,1,1,4
208,苏州麻将(新)_100元1150000两银子,1,1,4
209,苏州麻将(新)_300元3450000两银子,1,1,4
210,苏州麻将(新)_500元5800000两银子,1,1,4
211,苏州麻将(新)_1000元11700000两银子,1,1,4
212,赢三张_2元12000两银子,1,1,4
213,赢三张_6元45000两银子,1,1,4
214,赢三张_10元90000两银子,1,1,4
215,赢三张_20元220000两银子,1,1,4
216,赢三张_50元555000两银子,1,1,4
217,赢三张_100元1150000两银子,1,1,4
218,赢三张_300元3450000两银子,1,1,4
219,赢三张_500元5800000两银子,1,1,4
220,赢三张_1000元11700000两银子,1,1,4
221,贵港升级(新)_2元负分清零,1,2,4
231,常州四副牌升级(新)_12元到达240积分,1,2,4
232,常州四副牌升级(新)_18元到达450积分,1,2,4
233,常州四副牌升级(新)_30元到达750积分,1,2,4
234,常州四副牌升级(新)_50元到达1250积分,1,2,4
235,常州四副牌升级(新)_108元到达3240积分,1,2,4
236,逮狗腿_18元到达1200积分,1,2,4
237,双扣(新)_50元到达3000积分,1,2,4
238,双扣(新)_100元到达6000积分,1,2,4
239,邹平够级_1元负分清零,1,2,4
240,温岭麻将(新)_2元12000两银子,1,1,4
241,温岭麻将(新)_6元45000两银子,1,1,4
242,温岭麻将(新)_10元90000两银子,1,1,4
243,温岭麻将(新)_20元220000两银子,1,1,4
244,温岭麻将(新)_50元555000两银子,1,1,4
245,温岭麻将(新)_100元1150000两银子,1,1,4
246,温岭麻将(新)_300元3450000两银子,1,1,4
247,温岭麻将(新)_500元5800000两银子,1,1,4
248,温岭麻将(新)_1000元11700000两银子,1,1,4
249,潍坊保皇(新)_1元60个钻石,1,2,4
250,潍坊保皇(新)_3元225个钻石,1,2,4
251,潍坊保皇(新)_6元450个钻石,1,2,4
252,潍坊保皇(新)_30元3300个钻石,1,2,4
253,潍坊保皇(新)_98元10878个钻石,1,2,4
254,潍坊保皇(新)_198元22770个钻石,1,2,4
255,逮狗腿_2元负分清零,1,2,4
256,逮狗腿_6元到达120积分,1,2,4
257,逮狗腿_20元到达1200积分,1,2,4
258,苏州麻将(新)_12元108000两银子,1,1,4
259,苏州麻将(新)_18元198000两银子,1,1,4
260,苏州麻将(新)_30元330000两银子,1,1,4
261,苏州麻将(新)_108元1242000两银子,1,1,4
262,苏州麻将(新)_298元3427000两银子,1,1,4
263,苏州麻将(新)_488元5660800两银子,1,1,4
264,挖坑_12元108000两银子,1,1,4
265,挖坑_18元198000两银子,1,1,4
266,挖坑_98元1127000两银子,1,1,4
267,挖坑_298元3427000两银子,1,1,4
268,平阳两副头_2元负分清零,1,2,4
269,斗牌_30元30个钻石,1,2,4
270,斗牌_90元90个钻石,1,2,4
271,血战到底_2元12000两银子,1,1,4
272,血战到底_6元45000两银子,1,1,4
273,血战到底_10元90000两银子,1,1,4
274,血战到底_20元220000两银子,1,1,4
275,血战到底_50元555000两银子,1,1,4
276,血战到底_100元1150000两银子,1,1,4
277,血战到底_300元3450000两银子,1,1,4
278,血战到底_500元5800000两银子,1,1,4
279,血战到底_1000元11700000两银子,1,1,4
280,枣庄够级_1元负分清零,1,2,4
281,枣庄够级_6元到达100积分,1,2,4
282,枣庄够级_60元到达1500积分,1,2,4
283,战机1942_6元60个钻石,1,2,4
284,战机1942_10元105个钻石,1,2,4
285,战机1942_20元210个钻石,1,2,4
286,战机1942_36元400个钻石,1,2,4
287,战机1942_68元760个钻石,1,2,4
288,战机1942_6元120个钻石,1,2,4
289,战机1942_10元210个钻石,1,2,4
290,战机1942_20元420个钻石,1,2,4
291,战机1942_36元800个钻石,1,2,4
292,战机1942_68元1520个钻石,1,2,4
293,战机1942_10元100个钻石,1,2,4
294,战机1942_25元250个钻石,1,2,4
295,战机1942_40元400个钻石,1,2,4
296,泡泡龙西游_6元60个钻石,1,2,4
297,泡泡龙西游_10元105个钻石,1,2,4
298,泡泡龙西游_20元220个钻石,1,2,4
299,泡泡龙西游_30元345个钻石,1,2,4
300,泡泡龙西游_68元796个钻石,1,2,4
301,泡泡龙西游_168元2100个钻石,1,2,4
302,泡泡龙西游_688元9150个钻石,1,2,4
303,跑胡子_12元108000两银子,1,1,4
304,跑胡子_18元198000两银子,1,1,4
305,跑胡子_30元330000两银子,1,1,4
306,跑胡子_108元1242000两银子,1,1,4
307,跑胡子_298元3427000两银子,1,1,4
308,跑胡子_488元5660800两银子,1,1,4
309,四冲_6元45000两银子,1,1,4
310,四冲_12元108000两银子,1,1,4
311,四冲_18元198000两银子,1,1,4
312,四冲_50元555000两银子,1,1,4
313,四冲_98元1127000两银子,1,1,4
314,四冲_298元3427000两银子,1,1,4
315,天天斗恶龙_0元50个钻石,1,2,4
316,天天斗恶龙_0元100个钻石,1,2,4
317,天天斗恶龙_8元300个钻石,1,2,4
318,天天斗恶龙_0元10个钻石,1,2,4
319,天天斗恶龙_0元60个钻石,1,2,4
320,天天斗恶龙_0元280个钻石,1,2,4
321,天天斗恶龙_0元630个钻石,1,2,4
322,天天斗恶龙_0元1100个钻石,1,2,4
323,天天斗恶龙_0元1450个钻石,1,2,4
324,天天斗恶龙_0元1960个钻石,1,2,4
325,天天斗恶龙_0元3380个钻石,1,2,4
326,斗地主_6元45000两银子,1,1,4
327,斗地主_12元108000两银子,1,1,4
328,斗地主_18元198000两银子,1,1,4
329,斗地主_50元555000两银子,1,1,4
330,斗地主_98元1127000两银子,1,1,4
331,斗地主_298元3427000两银子,1,1,4
332,斗地主_488元5660800两银子,1,1,4
333,红十_1元负分清零,1,2,4
334,打大A(新)_2元12000两银子,1,1,4
335,打大A(新)_6元45000两银子,1,1,4
336,打大A(新)_10元90000两银子,1,1,4
337,打大A(新)_20元220000两银子,1,1,4
338,打大A(新)_50元555000两银子,1,1,4
339,打大A(新)_100元1150000两银子,1,1,4
340,打大A(新)_300元3450000两银子,1,1,4
341,打大A(新)_500元5800000两银子,1,1,4
342,打大A(新)_1000元11700000两银子,1,1,4
343,打弹子_2元到达25积分,1,2,4
344,打弹子_6元到达100积分,1,2,4
345,打弹子_20元到达400积分,1,2,4
346,弋阳窝龙_2元12000两银子,1,1,4
347,弋阳窝龙_6元45000两银子,1,1,4
348,弋阳窝龙_10元90000两银子,1,1,4
349,弋阳窝龙_20元220000两银子,1,1,4
350,弋阳窝龙_50元555000两银子,1,1,4
351,弋阳窝龙_100元1150000两银子,1,1,4
352,弋阳窝龙_300元3450000两银子,1,1,4
353,弋阳窝龙_500元5800000两银子,1,1,4
354,血战到底_6元45000两银子,1,1,4
355,血战到底_12元108000两银子,1,1,4
356,血战到底_18元198000两银子,1,1,4
357,血战到底_50元555000两银子,1,1,4
358,血战到底_98元1127000两银子,1,1,4
359,血战到底_298元3427000两银子,1,1,4
360,血战到底_488元5660800两银子,1,1,4
361,潍坊保皇(新)_2元120个钻石,1,2,4
362,潍坊保皇(新)_10元900个钻石,1,2,4
363,潍坊保皇(新)_98元11270个钻石,1,2,4
364,长沙麻将_6元45000两银子,1,1,4
365,长沙麻将_12元108000两银子,1,1,4
366,长沙麻将_18元198000两银子,1,1,4
367,长沙麻将_30元330000两银子,1,1,4
368,长沙麻将_50元555000两银子,1,1,4
369,长沙麻将_108元1242000两银子,1,1,4
370,长沙麻将_158元1817000两银子,1,1,4
371,长沙麻将_198元2277000两银子,1,1,4
372,长沙麻将_268元3082000两银子,1,1,4
373,吃货爱塔防_6元66个钻石,1,2,4
374,吃货爱塔防_18元198个钻石,1,2,4
375,吃货爱塔防_54元594个钻石,1,2,4
376,吃货爱塔防_108元1188个钻石,1,2,4
377,吃货爱塔防_249元2739个钻石,1,2,4
378,吃货爱塔防_499元5489个钻石,1,2,4
379,吃货爱塔防_1元10个钻石,1,2,4
380,吃货爱塔防_2元20个钻石,1,2,4
381,吃货爱塔防_3元30个钻石,1,2,4
382,吃货爱塔防_4元40个钻石,1,2,4
383,吃货爱塔防_5元50个钻石,1,2,4
384,吃货爱塔防_9元90个钻石,1,2,4
385,长沙麻将_6元45000两银子,1,1,4
386,长沙麻将_12元108000两银子,1,1,4
387,长沙麻将_18元198000两银子,1,1,4
388,长沙麻将_30元330000两银子,1,1,4
389,长沙麻将_50元555000两银子,1,1,4
390,长沙麻将_108元1242000两银子,1,1,4
391,长沙麻将_158元1817000两银子,1,1,4
392,长沙麻将_198元2277000两银子,1,1,4
393,长沙麻将_268元3082000两银子,1,1,4
394,赢三张_6元45000两银子,1,1,4
395,赢三张_12元108000两银子,1,1,4
396,赢三张_18元198000两银子,1,1,4
397,赢三张_30元330000两银子,1,1,4
398,赢三张_50元555000两银子,1,1,4
399,赢三张_98元1127000两银子,1,1,4
400,赢三张_108元1242000两银子,1,1,4
401,赢三张_158元1817000两银子,1,1,4
402,赢三张_198元2277000两银子,1,1,4
403,攉龙_1元负分清零,1,2,4
404,攉龙_6元到达100积分,1,2,4
405,三扣_1元到达10积分,1,2,4
406,三扣_6元到达108积分,1,2,4
407,三扣_18元到达388积分,1,2,4
408,同城游消灭星星_6元229个钻石,1,2,4
409,逮狗腿_6元到达120积分,1,2,4
410,逮狗腿_18元到达1200积分,1,2,4
411,逮狗腿_3元负分清零,1,2,4
412,红十_6元到达108积分,1,2,4
413,景德镇麻将(新)_2元12000两银子,1,1,4
414,景德镇麻将(新)_6元45000两银子,1,1,4
415,景德镇麻将(新)_10元90000两银子,1,1,4
416,景德镇麻将(新)_20元220000两银子,1,1,4
417,景德镇麻将(新)_50元555000两银子,1,1,4
418,景德镇麻将(新)_100元1150000两银子,1,1,4
419,景德镇麻将(新)_300元3450000两银子,1,1,4
420,景德镇麻将(新)_500元5800000两银子,1,1,4
421,千分(新)_2元12000两银子,1,1,4
422,千分(新)_6元45000两银子,1,1,4
423,千分(新)_10元90000两银子,1,1,4
424,千分(新)_20元220000两银子,1,1,4
425,千分(新)_50元555000两银子,1,1,4
426,千分(新)_100元1150000两银子,1,1,4
427,千分(新)_300元3450000两银子,1,1,4
428,千分(新)_500元5800000两银子,1,1,4
429,泡泡龙西游_12元126个钻石,1,2,4
430,泡泡龙西游_18元198个钻石,1,2,4
431,泡泡龙西游_50元585个钻石,1,2,4
432,泡泡龙西游_158元1975个钻石,1,2,4
433,泡泡龙西游_298元3963个钻石,1,2,4
434,鄂州五十K_2元负分清零,1,2,4
435,鄂州五十K_6元到达60积分,1,2,4
436,鄂州五十K_5元30积分,1,2,4
437,鄂州五十K_50元330积分,1,2,4
438,滚筒三副牌(新)_2元负分清零,1,2,4
439,滚筒三副牌(新)_6元30积分,1,2,4
440,锦州510K_2元负分清零,1,2,4
441,锦州510K_6元100积分,1,2,4
442,锦州510K_10元到达60积分,1,2,4
443,战机1942_6元60个钻石,1,2,4
444,战机1942_12元126个钻石,1,2,4
445,战机1942_18元188个钻石,1,2,4
446,战机1942_30元330个钻石,1,2,4
447,战机1942_68元760个钻石,1,2,4
448,战机1942_6元120个钻石,1,2,4
449,战机1942_12元252个钻石,1,2,4
450,战机1942_18元376个钻石,1,2,4
451,战机1942_30元660个钻石,1,2,4
452,战机1942_68元1520个钻石,1,2,4
453,战机1942_6元60个钻石,1,2,4
454,战机1942_25元250个钻石,1,2,4
455,战机1942_40元400个钻石,1,2,4
472,打大A(新)_6元负分清零,1,2,4
473,美女找茬_3元750个钻石,1,2,4
474,美女找茬_6元1650个钻石,1,2,4
475,美女找茬_12元4200个钻石,1,2,4
476,美女捕鱼_2元12000两银子,1,1,4
477,美女捕鱼_6元45000两银子,1,1,4
478,美女捕鱼_10元90000两银子,1,1,4
479,美女捕鱼_20元220000两银子,1,1,4
480,美女捕鱼_50元555000两银子,1,1,4
481,美女捕鱼_100元1150000两银子,1,1,4
482,美女捕鱼_300元3450000两银子,1,1,4
483,美女捕鱼_500元5800000两银子,1,1,4
484,美女捕鱼_1000元11700000两银子,1,1,4
485,美女捕鱼_6元60个钻石,1,2,4
486,天天斗恶龙_0元10个钻石,1,2,4
487,天天斗恶龙_0元60个钻石,1,2,4
488,天天斗恶龙_0元280个钻石,1,2,4
489,天天斗恶龙_0元630个钻石,1,2,4
490,天天斗恶龙_0元50个钻石,1,2,4
491,天天斗恶龙_0元100个钻石,1,2,4
492,天天斗恶龙_0元300个钻石,1,2,4
493,天天斗恶龙_0元1100个钻石,1,2,4
494,天天斗恶龙_0元1450个钻石,1,2,4
495,天天斗恶龙_0元1960个钻石,1,2,4
496,天天斗恶龙_0元3380个钻石,1,2,4
497,温岭六家统_1元负分清零,1,2,4
498,温岭六家统_6元到达60积分,1,2,4
499,掰哑巴力_2元负分清零,1,2,4
500,掰哑巴力_6元50积分,1,2,4
501,打大A(新)_6元45000两银子,1,1,4
502,打大A(新)_12元108000两银子,1,1,4
503,打大A(新)_18元198000两银子,1,1,4
504,打大A(新)_30元330000两银子,1,1,4
505,打大A(新)_50元555000两银子,1,1,4
506,打大A(新)_108元1242000两银子,1,1,4
507,打大A(新)_158元1817000两银子,1,1,4
508,打大A(新)_198元2277000两银子,1,1,4
509,打大A(新)_268元3082000两银子,1,1,4
510,同城游消灭星星_12元488个钻石,1,2,4
511,同城游消灭星星_18元800个钻石,1,2,4
512,同城游消灭星星_1元30个钻石,1,2,4
513,同城游消灭星星_6元458个钻石,1,2,4
514,同城游消灭星星_12元976个钻石,1,2,4
515,同城游消灭星星_18元1600个钻石,1,2,4
516,同城游消灭星星_1元60个钻石,1,2,4
517,同城游飞行棋_50元570个钻石,1,2,4
518,同城游飞行棋_108元1280个钻石,1,2,4
519,同城游飞行棋_198元2480个钻石,1,2,4
521,美女找茬_1元250个钻石,1,2,4
522,美女找茬_6元3300个钻石,1,2,4
523,美女找茬_12元8400个钻石,1,2,4
524,美女找茬_1元500个钻石,1,2,4
525,升级_1元负分清零,1,2,4
526,马队_2元负分清零,1,2,4
527,马队_5元30积分,1,2,4
528,马队_6元到达60积分,1,2,4
529,战机1942_50元560个钻石,1,2,4
530,战机1942_50元1120个钻石,1,2,4
531,战机1942_50元500个钻石,1,2,4
532,关牌(新)_6元60000两银子,1,1,4
533,关牌(新)_12元120000两银子,1,1,4
534,关牌(新)_50元560000两银子,1,1,4
535,关牌(新)_18元180000两银子,1,1,4
536,宿松同心_2元负分清零,1,2,4
537,原子(新)_18元到达388积分,1,2,4
538,玉环打通(新)_1元负分清零,1,2,4
539,玉环打通(新)_6元到达80积分,1,2,4
540,手把一（四副牌）_2元到达10积分,1,2,4
541,手把一（四副牌）_6元到达200积分,1,2,4
542,手把一（四副牌）_10元200积分,1,2,4
543,比鸡_6元60000两银子,1,1,4
544,比鸡_12元120000两银子,1,1,4
545,比鸡_18元180000两银子,1,1,4
546,比鸡_50元560000两银子,1,1,4
547,南昌麻将(新)_6元60000两银子,1,1,4
548,南昌麻将(新)_12元120000两银子,1,1,4
549,南昌麻将(新)_18元180000两银子,1,1,4
550,南昌麻将(新)_50元560000两银子,1,1,4
551,南昌麻将(新)_2元12000两银子,1,1,4
552,南昌麻将(新)_6元45000两银子,1,1,4
553,南昌麻将(新)_10元90000两银子,1,1,4
554,南昌麻将(新)_20元220000两银子,1,1,4
555,南昌麻将(新)_50元555000两银子,1,1,4
556,南昌麻将(新)_100元1150000两银子,1,1,4
557,南昌麻将(新)_300元3450000两银子,1,1,4
558,古田三副牌_2元负分清零,1,2,4
559,古田三副牌_6元50积分,1,2,4
560,弋阳窝龙_6元45000两银子,1,1,4
561,枣庄够级_1元负分清零,1,2,4
562,枣庄够级_6元到达100积分,1,2,4
563,平阳两副头_1元负分清零,1,2,4
564,掼蛋_6元45000两银子,1,1,4
565,掼蛋_12元108000两银子,1,1,4
566,掼蛋_18元198000两银子,1,1,4
567,掼蛋_30元330000两银子,1,1,4
568,掼蛋_50元555000两银子,1,1,4
569,掼蛋_108元1242000两银子,1,1,4
570,掼蛋_158元1817000两银子,1,1,4
571,掼蛋_198元2277000两银子,1,1,4
572,掼蛋_268元3082000两银子,1,1,4
573,滚筒三副牌(新)_1元负分清零,1,2,4
574,滚筒三副牌(新)_6元30积分,1,2,4
575,新原子(划轮)_1元到达10积分,1,2,4
576,新原子(划轮)_6元到达100积分,1,2,4
577,新原子(划轮)_18元到达388积分,1,2,4
578,德清点子_1元到达10积分,1,2,4
579,德清点子_6元到达100积分,1,2,4
580,德清点子_18元到达388积分,1,2,4
581,打弹子_3元到达25积分,1,2,4
582,打弹子_8元到达100积分,1,2,4
583,打弹子_25元到达400积分,1,2,4
584,鄂州五十K_1元负分清零,1,2,4
585,鄂州五十K_6元到达60积分,1,2,4
586,鄂州五十K_6元30积分,1,2,4
587,鄂州五十K_50元330积分,1,2,4
588,锦州510K_1元负分清零,1,2,4
589,锦州510K_12元到达60积分,1,2,4
590,马队_1元负分清零,1,2,4
591,马队_6元30积分,1,2,4
592,马队_6元到达60积分,1,2,4
593,掰哑巴力_1元负分清零,1,2,4
594,掰哑巴力_6元50积分,1,2,4
595,丹东五狼腿_1元负分清零,1,2,4
596,丹东五狼腿_6元到达200积分,1,2,4
597,美女捕鱼_6元120个钻石,1,2,4
598,美女捕鱼_10元200个钻石,1,2,4
599,美女捕鱼_30元600个钻石,1,2,4
600,美女捕鱼_50元1000个钻石,1,2,4
601,美女捕鱼_108元2160个钻石,1,2,4
602,美女捕鱼_328元6560个钻石,1,2,4
603,美女捕鱼_648元12960个钻石,1,2,4
604,美女捕鱼_998元19960个钻石,1,2,4
605,美女捕鱼_28元560个钻石,1,2,4
606,美女捕鱼_14元280个钻石,1,2,4
607,双扣(新)_1元到达30积分,1,2,4
608,双扣(新)_12元到达660积分,1,2,4
609,双扣(新)_18元到达1080积分,1,2,4
610,双扣(新)_98元到达6000积分,1,2,4
611,宿松同心_1元负分清零,1,2,4
612,千分(新)_1元6000两银子,1,1,4
613,千分(新)_2元12000两银子,1,1,4
614,千分(新)_6元45000两银子,1,1,4
615,千分(新)_12元108000两银子,1,1,4
616,千分(新)_18元198000两银子,1,1,4
617,千分(新)_50元555000两银子,1,1,4
618,千分(新)_98元1127000两银子,1,1,4
619,千分(新)_488元5660800两银子,1,1,4
620,上饶麻将_2元12000两银子,1,1,4
621,上饶麻将_6元45000两银子,1,1,4
622,上饶麻将_10元90000两银子,1,1,4
623,上饶麻将_20元220000两银子,1,1,4
624,上饶麻将_50元555000两银子,1,1,4
625,上饶麻将_100元1150000两银子,1,1,4
626,上饶麻将_500元5800000两银子,1,1,4
627,凤城板成_2元负分清零,1,2,4
628,凤城板成_6元30积分,1,2,4
629,温岭六家统_1元负分清零,1,2,4
630,温岭六家统_6元到达60积分,1,2,4
631,新原子(打滦)_2元到达10积分,1,2,4
632,拖三_2元负分清零,1,2,4
633,宁德510K_1元负分清零,1,2,4
634,宁德510K_6元到达60积分,1,2,4
635,宁德510K_6元50积分,1,2,4
636,斗牌_6元45000两银子,1,1,4
637,斗牌_12元108000两银子,1,1,4
638,斗牌_18元198000两银子,1,1,4
639,斗牌_50元555000两银子,1,1,4
640,斗牌_98元1127000两银子,1,1,4
641,斗牌_298元3427000两银子,1,1,4
642,斗牌_488元5660800两银子,1,1,4
643,斗地主_6元40001个钻石,1,2,4
644,斗地主_18元40002个钻石,1,2,4
645,斗地主_2元30001个钻石,1,2,4
646,斗地主_6元30002个钻石,1,2,4
647,斗地主_20元30003个钻石,1,2,4
648,新原子(打滦)_6元到达50积分,1,2,4
649,监利开机_2元负分清零,1,2,4
650,监利开机_6元50积分,1,2,4
651,古田三副牌_1元负分清零,1,2,4
652,古田三副牌_6元50积分,1,2,4
653,南昌麻将(新)_20元会员,1,1,4
654,南昌麻将(新)_50元会员,1,1,4
655,南昌麻将(新)_25元会员,1,1,4
656,南昌麻将(新)_50元会员,1,1,4
657,石首510K_1元负分清零,1,2,4
658,石首510K_6元到达120积分,1,2,4
659,石首510K_1元负分清零,1,2,4
660,石首510K_6元到达120积分,1,2,4
661,德清点子_1元到达10积分,1,2,4
662,德清点子_6元到达100积分,1,2,4
663,德清点子_18元到达388积分,1,2,4
664,手把一（四副牌）_1元到达10积分,1,2,4
665,手把一（四副牌）_6元到达200积分,1,2,4
666,通山打拱_1元负分清零,1,2,4
667,通山打拱_6元到达60积分,1,2,4
668,通山打拱_1元负分清零,1,2,4
669,通山打拱_6元到达60积分,1,2,4
670,上饶麻将_6元45000两银子,1,1,4
671,三扣_1元到达10积分,1,2,4
672,三扣_6元到达108积分,1,2,4
673,三扣_18元到达388积分,1,2,4
674,景德镇麻将(新)_1元6000两银子,1,1,4
675,景德镇麻将(新)_6元45000两银子,1,1,4
676,景德镇麻将(新)_12元108000两银子,1,1,4
677,景德镇麻将(新)_18元198000两银子,1,1,4
678,景德镇麻将(新)_30元330000两银子,1,1,4
679,景德镇麻将(新)_50元555000两银子,1,1,4
680,景德镇麻将(新)_98元1127000两银子,1,1,4
681,景德镇麻将(新)_198元2277000两银子,1,1,4
682,景德镇麻将(新)_488元5660800两银子,1,1,4
683,景德镇两副头_1元负分清零,1,2,4
684,景德镇两副头_6元到达30积分,1,2,4
685,你画我猜_2元12000两银子,1,1,4
686,你画我猜_6元45000两银子,1,1,4
687,你画我猜_10元90000两银子,1,1,4
688,你画我猜_20元220000两银子,1,1,4
689,你画我猜_50元555000两银子,1,1,4
690,你画我猜_100元1150000两银子,1,1,4
691,你画我猜_300元3450000两银子,1,1,4
692,你画我猜_500元5800000两银子,1,1,4
693,你画我猜_1000元11700000两银子,1,1,4
694,双剑_1元负分清零,1,2,4
695,双剑_6元到达120积分,1,2,4
696,长沙麻将_6元负分清零,1,2,4
697,长沙麻将_12元到达1200积分,1,2,4
698,长沙麻将_6元负分清零,1,2,4
699,长沙麻将_12元到达1200积分,1,2,4
700,湖南跑得快_2元12000两银子,1,1,4
701,湖南跑得快_6元45000两银子,1,1,4
702,湖南跑得快_10元90000两银子,1,1,4
703,湖南跑得快_20元220000两银子,1,1,4
704,湖南跑得快_50元555000两银子,1,1,4
705,湖南跑得快_100元1150000两银子,1,1,4
706,湖南跑得快_300元3450000两银子,1,1,4
707,湖南跑得快_500元5800000两银子,1,1,4
708,湖南跑得快_1000元11700000两银子,1,1,4
709,长沙麻将_2元12000两银子,1,1,4
710,长沙麻将_6元45000两银子,1,1,4
711,长沙麻将_10元90000两银子,1,1,4
712,长沙麻将_20元220000两银子,1,1,4
713,长沙麻将_50元555000两银子,1,1,4
714,长沙麻将_100元1150000两银子,1,1,4
715,长沙麻将_300元3450000两银子,1,1,4
716,长沙麻将_500元5800000两银子,1,1,4
717,长沙麻将_1000元11700000两银子,1,1,4
718,宁德510K_1元负分清零,1,2,4
719,宁德510K_6元到达60积分,1,2,4
720,宁德510K_6元50积分,1,2,4
721,萍乡麻将_1元6000两银子,1,1,4
722,萍乡麻将_2元12000两银子,1,1,4
723,萍乡麻将_6元45000两银子,1,1,4
724,萍乡麻将_10元90000两银子,1,1,4
725,萍乡麻将_20元220000两银子,1,1,4
726,萍乡麻将_50元555000两银子,1,1,4
727,萍乡麻将_100元1150000两银子,1,1,4
728,萍乡麻将_500元5800000两银子,1,1,4
729,扯胡子_2元12000两银子,1,1,4
730,扯胡子_6元45000两银子,1,1,4
731,扯胡子_10元90000两银子,1,1,4
732,扯胡子_20元220000两银子,1,1,4
733,扯胡子_50元555000两银子,1,1,4
734,扯胡子_100元1150000两银子,1,1,4
735,扯胡子_300元3450000两银子,1,1,4
736,扯胡子_500元5800000两银子,1,1,4
737,扯胡子_1000元11700000两银子,1,1,4
738,美女捕鱼_10元190个钻石,1,2,4
739,美女捕鱼_198元396个钻石,1,2,4
740,美女捕鱼_2元20000两银子,1,1,4
741,美女捕鱼_10元100000两银子,1,1,4
742,美女捕鱼_198元1980000两银子,1,1,4
743,新原子(划轮)_1元到达10积分,1,2,4
744,新原子(划轮)_6元到达100积分,1,2,4
745,新原子(划轮)_18元到达388积分,1,2,4
746,红十_1元负分清零,1,2,4
747,红十_6元到达108积分,1,2,4
748,红十_18元到达388积分,1,2,4
749,战机1942_1元10个钻石,1,2,4
750,战机1942_108元1250个钻石,1,2,4
751,战机1942_158元1860个钻石,1,2,4
752,战机1942_268元3200个钻石,1,2,4
753,战机1942_108元2500个钻石,1,2,4
754,战机1942_158元3720个钻石,1,2,4
755,战机1942_268元6400个钻石,1,2,4
756,监利开机_1元负分清零,1,2,4
757,监利开机_6元50积分,1,2,4
758,玉环打通(新)_1元负分清零,1,2,4
759,玉环打通(新)_6元到达80积分,1,2,4
760,湖南跑得快_6元45000两银子,1,1,4
761,湖南跑得快_12元108000两银子,1,1,4
762,湖南跑得快_18元198000两银子,1,1,4
763,湖南跑得快_50元555000两银子,1,1,4
764,湖南跑得快_98元1127000两银子,1,1,4
765,湖南跑得快_298元3427000两银子,1,1,4
766,湖南跑得快_488元5660800两银子,1,1,4
767,丹东五狼腿_1元负分清零,1,2,4
768,丹东五狼腿_6元到达200积分,1,2,4
769,双扣(新)_6元到达288积分,1,2,4
770,双扣(新)_50元到达3000积分,1,2,4
771,红五(新)_1元到达10积分,1,2,4
772,红五(新)_6元到达108积分,1,2,4
773,红五(新)_25元到达488积分,1,2,4
774,德清点子_30元到达688积分,1,2,4
775,德清点子_50元到达1280积分,1,2,4
776,德清点子_98元到达3000积分,1,2,4
777,德清点子_30元到达688积分,1,2,4
778,德清点子_50元到达1280积分,1,2,4
779,德清点子_98元到达3000积分,1,2,4
780,扯胡子_6元45000两银子,1,1,4
781,扯胡子_12元108000两银子,1,1,4
782,扯胡子_18元198000两银子,1,1,4
783,扯胡子_30元330000两银子,1,1,4
784,扯胡子_50元555000两银子,1,1,4
785,扯胡子_108元1242000两银子,1,1,4
786,扯胡子_158元1817000两银子,1,1,4
787,扯胡子_198元2277000两银子,1,1,4
788,扯胡子_268元3082000两银子,1,1,4
789,诸暨包麻将(新)_6元45000两银子,1,1,4
790,诸暨包麻将(新)_18元180000两银子,1,1,4
791,诸暨包麻将(新)_30元330000两银子,1,1,4
792,诸暨包麻将(新)_98元1087800两银子,1,1,4
793,诸暨包麻将(新)_198元2277000两银子,1,1,4
794,诸暨包麻将(新)_298元3427000两银子,1,1,4
795,诸暨包麻将(新)_6元45000两银子,1,1,4
796,诸暨包麻将(新)_18元198000两银子,1,1,4
797,诸暨包麻将(新)_30元330000两银子,1,1,4
798,诸暨包麻将(新)_98元1127000两银子,1,1,4
799,诸暨包麻将(新)_198元2277000两银子,1,1,4
800,诸暨包麻将(新)_298元3427000两银子,1,1,4
801,包红五(新)_1元负分清零,1,2,4
802,包红五(新)_6元到达188积分,1,2,4
803,包红五(新)_18元到达588积分,1,2,4
804,包红五(新)_30元到达1088积分,1,2,4
805,包红五(新)_50元到达1888积分,1,2,4
806,包红五(新)_98元到达3888积分,1,2,4
807,包红五(新)_1元负分清零,1,2,4
808,包红五(新)_6元到达188积分,1,2,4
809,包红五(新)_18元到达588积分,1,2,4
810,包红五(新)_30元到达1088积分,1,2,4
811,包红五(新)_50元到达1888积分,1,2,4
812,包红五(新)_98元到达3888积分,1,2,4
813,温岭麻将(新)_6元45000两银子,1,1,4
814,温岭麻将(新)_12元108000两银子,1,1,4
815,温岭麻将(新)_18元198000两银子,1,1,4
816,温岭麻将(新)_50元555000两银子,1,1,4
817,温岭麻将(新)_98元1127000两银子,1,1,4
818,温岭麻将(新)_298元3427000两银子,1,1,4
819,温岭麻将(新)_6元45000两银子,1,1,4
820,温岭麻将(新)_12元108000两银子,1,1,4
821,温岭麻将(新)_18元198000两银子,1,1,4
822,温岭麻将(新)_50元555000两银子,1,1,4
823,温岭麻将(新)_98元1127000两银子,1,1,4
824,温岭麻将(新)_298元3427000两银子,1,1,4
825,南昌麻将(新)_1元6000两银子,1,1,4
826,南昌麻将(新)_6元45000两银子,1,1,4
827,南昌麻将(新)_12元108000两银子,1,1,4
828,南昌麻将(新)_18元198000两银子,1,1,4
829,南昌麻将(新)_50元555000两银子,1,1,4
830,南昌麻将(新)_98元1127000两银子,1,1,4
831,南昌麻将(新)_488元5660800两银子,1,1,4
832,宜春麻将_2元12000两银子,1,1,4
833,宜春麻将_6元45000两银子,1,1,4
834,宜春麻将_10元90000两银子,1,1,4
835,宜春麻将_20元220000两银子,1,1,4
836,宜春麻将_50元555000两银子,1,1,4
837,宜春麻将_100元1150000两银子,1,1,4
838,宜春麻将_500元5800000两银子,1,1,4
839,嵊州麻将(新)_6元45000两银子,1,1,4
840,嵊州麻将(新)_12元108000两银子,1,1,4
841,嵊州麻将(新)_18元198000两银子,1,1,4
842,嵊州麻将(新)_50元555000两银子,1,1,4
843,嵊州麻将(新)_98元1127000两银子,1,1,4
844,嵊州麻将(新)_298元3427000两银子,1,1,4
845,嵊州麻将(新)_2元12000两银子,1,1,4
846,嵊州麻将(新)_6元45000两银子,1,1,4
847,嵊州麻将(新)_10元90000两银子,1,1,4
848,嵊州麻将(新)_20元220000两银子,1,1,4
849,嵊州麻将(新)_50元555000两银子,1,1,4
850,嵊州麻将(新)_100元1150000两银子,1,1,4
851,嵊州麻将(新)_300元3450000两银子,1,1,4
852,嵊州麻将(新)_500元5800000两银子,1,1,4
853,嵊州麻将(新)_1000元11700000两银子,1,1,4
854,嵊州麻将(新)_6元45000两银子,1,1,4
855,嵊州麻将(新)_12元108000两银子,1,1,4
856,嵊州麻将(新)_18元198000两银子,1,1,4
857,嵊州麻将(新)_50元555000两银子,1,1,4
858,嵊州麻将(新)_98元1127000两银子,1,1,4
859,嵊州麻将(新)_298元3427000两银子,1,1,4
860,温岭六家统_3元10积分,1,2,4
861,温岭六家统_8元30积分,1,2,4
862,温岭六家统_12元50积分,1,2,4
863,温岭六家统_18元到达188积分,1,2,4
864,温岭六家统_25元到达268积分,1,2,4
865,温岭六家统_50元到达568积分,1,2,4
866,温岭六家统_98元到达1288积分,1,2,4
867,温岭六家统_3元10积分,1,2,4
868,温岭六家统_8元30积分,1,2,4
869,温岭六家统_12元50积分,1,2,4
870,温岭六家统_18元到达188积分,1,2,4
871,温岭六家统_25元到达268积分,1,2,4
872,温岭六家统_50元到达568积分,1,2,4
873,温岭六家统_98元到达1288积分,1,2,4
874,梅州财神麻将_2元12000两银子,1,1,4
875,梅州财神麻将_6元45000两银子,1,1,4
876,梅州财神麻将_10元90000两银子,1,1,4
877,梅州财神麻将_20元220000两银子,1,1,4
878,梅州财神麻将_50元555000两银子,1,1,4
879,梅州财神麻将_100元1150000两银子,1,1,4
880,梅州财神麻将_300元3450000两银子,1,1,4
881,萌菌大作战_6元60个钻石,1,2,4
882,萌菌大作战_10元100个钻石,1,2,4
883,萌菌大作战_20元200个钻石,1,2,4
884,萌菌大作战_36元360个钻石,1,2,4
885,萌菌大作战_68元680个钻石,1,2,4
886,萌菌大作战_108元1080个钻石,1,2,4
887,玉环打通(新)_1元负分清零,1,2,4
888,玉环打通(新)_6元到达80积分,1,2,4
889,玉环打通(新)_18元到达250积分,1,2,4
890,玉环打通(新)_30元到达500积分,1,2,4
891,玉环打通(新)_50元到达1000积分,1,2,4
892,玉环打通(新)_98元到达2000积分,1,2,4
893,原子(新)_30元到达688积分,1,2,4
894,原子(新)_50元到达1288积分,1,2,4
895,原子(新)_98元到达2888积分,1,2,4
896,原子(新)_1元负分清零,1,2,4
897,原子(新)_6元到达120积分,1,2,4
898,原子(新)_18元到达388积分,1,2,4
899,原子(新)_30元到达688积分,1,2,4
900,原子(新)_50元到达1288积分,1,2,4
901,原子(新)_98元到达2888积分,1,2,4
902,梅州财神麻将_6元45000两银子,1,1,4
903,梅州财神麻将_12元108000两银子,1,1,4
904,梅州财神麻将_18元198000两银子,1,1,4
905,梅州财神麻将_50元555000两银子,1,1,4
906,梅州财神麻将_98元1127000两银子,1,1,4
907,梅州财神麻将_298元3427000两银子,1,1,4
908,梅州财神麻将_488元5668000两银子,1,1,4
909,红五(新)_1元到达10积分,1,2,4
910,红五(新)_6元到达108积分,1,2,4
911,红五(新)_25元到达488积分,1,2,4
912,沈阳麻将_2元12000两银子,1,1,4
913,沈阳麻将_6元45000两银子,1,1,4
914,沈阳麻将_10元90000两银子,1,1,4
915,沈阳麻将_20元220000两银子,1,1,4
916,沈阳麻将_50元555000两银子,1,1,4
917,沈阳麻将_100元1150000两银子,1,1,4
918,沈阳麻将_300元3450000两银子,1,1,4
919,沈阳麻将_500元5800000两银子,1,1,4
920,沈阳麻将_1000元11700000两银子,1,1,4
921,沈阳麻将_6元45000两银子,1,1,4
922,沈阳麻将_12元108000两银子,1,1,4
923,沈阳麻将_18元198000两银子,1,1,4
924,沈阳麻将_50元555000两银子,1,1,4
925,沈阳麻将_98元1127000两银子,1,1,4
926,沈阳麻将_298元3427000两银子,1,1,4
927,宿松同心_1元负分清零,1,2,4
928,洪洞打林_1元负分清零,1,2,4
929,洪洞打林_6元到达60积分,1,2,4
930,洪洞打林_6元30积分,1,2,4
931,洪洞打林_12元80积分,1,2,4
932,俄罗斯方块_2元12000两银子,1,1,4
933,俄罗斯方块_6元45000两银子,1,1,4
934,俄罗斯方块_10元90000两银子,1,1,4
935,俄罗斯方块_20元220000两银子,1,1,4
936,俄罗斯方块_50元555000两银子,1,1,4
937,俄罗斯方块_100元1150000两银子,1,1,4
938,保七_1元负分清零,1,2,4
939,保七_6元到达120积分,1,2,4
940,保七_6元100积分,1,2,4
941,保七_1元负分清零,1,2,4
942,保七_6元到达120积分,1,2,4
943,保七_6元100积分,1,2,4
944,105(新)_1元负分清零,1,2,4
945,105(新)_6元到达200积分,1,2,4
946,105(新)_18元到达650积分,1,2,4
947,105(新)_30元到达1200积分,1,2,4
948,105(新)_50元到达2000积分,1,2,4
949,105(新)_98元到达4000积分,1,2,4
950,105(新)_1元负分清零,1,2,4
951,105(新)_6元到达200积分,1,2,4
952,105(新)_18元到达650积分,1,2,4
953,105(新)_30元到达1200积分,1,2,4
954,105(新)_50元到达2000积分,1,2,4
955,105(新)_98元到达4000积分,1,2,4
956,双扣(新)_2元12000两银子,1,1,4
957,双扣(新)_6元45000两银子,1,1,4
958,双扣(新)_10元90000两银子,1,1,4
959,双扣(新)_20元220000两银子,1,1,4
960,双扣(新)_50元555000两银子,1,1,4
961,双扣(新)_100元1150000两银子,1,1,4
962,双扣(新)_300元3450000两银子,1,1,4
963,双扣(新)_500元5800000两银子,1,1,4
964,双扣(新)_1000元11700000两银子,1,1,4
965,诸暨包麻将(新)_1元6000两银子,1,1,4
966,诸暨包麻将(新)_12元120000两银子,1,1,4
967,诸暨包麻将(新)_488元5612000两银子,1,1,4
968,河池麻将_2元12000两银子,1,1,4
969,河池麻将_6元45000两银子,1,1,4
970,河池麻将_10元90000两银子,1,1,4
971,河池麻将_20元220000两银子,1,1,4
972,河池麻将_50元555000两银子,1,1,4
973,河池麻将_100元1150000两银子,1,1,4
974,河池麻将_500元5800000两银子,1,1,4
975,萌菌大作战_6元60个钻石,1,2,4
976,萌菌大作战_10元100个钻石,1,2,4
977,萌菌大作战_20元200个钻石,1,2,4
978,萌菌大作战_36元360个钻石,1,2,4
979,萌菌大作战_68元680个钻石,1,2,4
980,萌菌大作战_108元1080个钻石,1,2,4
981,凤城板成_2元负分清零,1,2,4
982,凤城板成_6元100积分,1,2,4
983,卡五星_2元12000两银子,1,1,4
984,卡五星_6元45000两银子,1,1,4
985,卡五星_10元90000两银子,1,1,4
986,卡五星_20元220000两银子,1,1,4
987,卡五星_50元555000两银子,1,1,4
988,卡五星_100元1150000两银子,1,1,4
989,宁国麻将_2元12000两银子,1,1,4
990,宁国麻将_6元45000两银子,1,1,4
991,宁国麻将_10元90000两银子,1,1,4
992,宁国麻将_20元220000两银子,1,1,4
993,宁国麻将_50元555000两银子,1,1,4
994,宁国麻将_100元1150000两银子,1,1,4
995,宁国麻将_6元45000两银子,1,1,4
996,扎股子_2元负分清零,1,2,4
997,扎股子_6元100积分,1,2,4
998,扎股子_20元400积分,1,2,4
999,宜春麻将_2元12000两银子,1,1,4
1000,宜春麻将_6元45000两银子,1,1,4
1001,宜春麻将_10元90000两银子,1,1,4
1002,宜春麻将_20元220000两银子,1,1,4
1003,宜春麻将_50元555000两银子,1,1,4
1004,宜春麻将_100元1150000两银子,1,1,4
1005,宜春麻将_500元5800000两银子,1,1,4
1006,独食(新)_2元12000两银子,1,1,4
1007,独食(新)_6元45000两银子,1,1,4
1008,独食(新)_10元90000两银子,1,1,4
1009,独食(新)_20元220000两银子,1,1,4
1010,独食(新)_50元555000两银子,1,1,4
1011,独食(新)_100元1150000两银子,1,1,4
1012,独食(新)_300元3450000两银子,1,1,4
1013,独食(新)_500元5800000两银子,1,1,4
1014,独食(新)_1000元11700000两银子,1,1,4
1015,独食(新)_6元45000两银子,1,1,4
1016,独食(新)_12元108000两银子,1,1,4
1017,独食(新)_18元198000两银子,1,1,4
1018,独食(新)_50元555000两银子,1,1,4
1019,独食(新)_98元1127000两银子,1,1,4
1020,独食(新)_298元3427000两银子,1,1,4
1021,同城游飞行棋_6元60个钻石,1,2,4
1022,同城游飞行棋_12元125个钻石,1,2,4
1023,同城游飞行棋_30元320个钻石,1,2,4
1024,同城游飞行棋_68元770个钻石,1,2,4
1025,同城游飞行棋_138元1640个钻石,1,2,4
1026,同城游飞行棋_288元3600个钻石,1,2,4
1027,同城游飞行棋_6元60个钻石,1,2,4
1028,同城游飞行棋_12元125个钻石,1,2,4
1029,同城游飞行棋_30元320个钻石,1,2,4
1030,同城游飞行棋_50元570个钻石,1,2,4
1031,同城游飞行棋_108元1280个钻石,1,2,4
1032,同名改编-花千骨_198元2480个钻石,1,2,4
1033,双扣(新)_1元6000两银子,1,1,4
1034,双扣(新)_6元45000两银子,1,1,4
1035,双扣(新)_12元108000两银子,1,1,4
1036,双扣(新)_18元198000两银子,1,1,4
1037,双扣(新)_50元555000两银子,1,1,4
1038,双扣(新)_98元1127000两银子,1,1,4
1039,双扣(新)_298元3427000两银子,1,1,4
1040,双扣(新)_488元5660800两银子,1,1,4
1041,双扣(新)_998元11676600两银子,1,1,4
1042,诸暨包麻将(新)_1元6000两银子,1,1,4
1043,诸暨包麻将(新)_12元120000两银子,1,1,4
1044,诸暨包麻将(新)_488元5612000两银子,1,1,4
1045,吃货爱塔防_1元10个钻石,1,2,4
1046,吃货爱塔防_2元20个钻石,1,2,4
1047,吃货爱塔防_3元30个钻石,1,2,4
1048,吃货爱塔防_4元40个钻石,1,2,4
1049,吃货爱塔防_5元50个钻石,1,2,4
1050,吃货爱塔防_9元90个钻石,1,2,4
1051,吃货爱塔防_6元66个钻石,1,2,4
1052,吃货爱塔防_18元198个钻石,1,2,4
1053,吃货爱塔防_54元594个钻石,1,2,4
1054,吃货爱塔防_108元1188个钻石,1,2,4
1055,吃货爱塔防_249元2739个钻石,1,2,4
1056,吃货爱塔防_499元5489个钻石,1,2,4
1057,洪洞打林_1元负分清零,1,2,4
1058,洪洞打林_6元到达60积分,1,2,4
1059,洪洞打林_6元30积分,1,2,4
1060,洪洞打林_12元80积分,1,2,4
1061,德州扑克_6元45000两银子,1,1,4
1062,德州扑克_12元108000两银子,1,1,4
1063,德州扑克_18元198000两银子,1,1,4
1064,德州扑克_50元555000两银子,1,1,4
1065,德州扑克_98元1127000两银子,1,1,4
1066,德州扑克_298元3427000两银子,1,1,4
1067,德州扑克_488元5660800两银子,1,1,4
1068,凤城板成_1元负分清零,1,2,4
1069,凤城板成_6元100积分,1,2,4
1070,修仙吧少年_6元60个钻石,1,2,4
1071,修仙吧少年_30元320个钻石,1,2,4
1072,修仙吧少年_98元1080个钻石,1,2,4
1073,修仙吧少年_328元3800个钻石,1,2,4
1074,修仙吧少年_648元8000个钻石,1,2,4
1075,关牌(新)_6元45000两银子,1,1,4
1076,关牌(新)_12元108000两银子,1,1,4
1077,关牌(新)_18元198000两银子,1,1,4
1078,关牌(新)_30元330000两银子,1,1,4
1079,关牌(新)_50元555000两银子,1,1,4
1080,关牌(新)_98元1127000两银子,1,1,4
1081,关牌(新)_108元1242000两银子,1,1,4
1082,关牌(新)_158元1817000两银子,1,1,4
1083,关牌(新)_198元2277000两银子,1,1,4
1084,德清点子_30元到达688积分,1,2,4
1085,德清点子_50元到达1280积分,1,2,4
1086,德清点子_98元到达3000积分,1,2,4
1087,卡五星_1元6000两银子,1,1,4
1088,卡五星_6元45000两银子,1,1,4
1089,卡五星_12元108000两银子,1,1,4
1090,卡五星_18元198000两银子,1,1,4
1091,卡五星_50元555000两银子,1,1,4
1092,卡五星_98元1127000两银子,1,1,4
1093,四人斗地主(三扣一)(新)_2元负分清零,1,2,4
1094,四人斗地主(三扣一)(新)_1元负分清零,1,2,4
1095,萌菌大作战_6元60个钻石,1,2,4
1096,萌菌大作战_12元120个钻石,1,2,4
1097,萌菌大作战_18元180个钻石,1,2,4
1098,萌菌大作战_30元300个钻石,1,2,4
1099,萌菌大作战_50元500个钻石,1,2,4
1100,萌菌大作战_98元980个钻石,1,2,4
1101,俄罗斯方块_6元45000两银子,1,1,4
1102,俄罗斯方块_30元330000两银子,1,1,4
1103,俄罗斯方块_12元108000两银子,1,1,4
1104,俄罗斯方块_18元198000两银子,1,1,4
1105,俄罗斯方块_50元555000两银子,1,1,4
1106,俄罗斯方块_98元1127000两银子,1,1,4
1107,宜春麻将_2元12000两银子,1,1,4
1108,宜春麻将_6元45000两银子,1,1,4
1109,宜春麻将_9元81000两银子,1,1,4
1110,宜春麻将_18元198000两银子,1,1,4
1111,宜春麻将_50元555000两银子,1,1,4
1112,宜春麻将_98元1127000两银子,1,1,4
1113,宜春麻将_488元5660800两银子,1,1,4
1114,宜春麻将_1元6000两银子,1,1,4
1115,宜春麻将_12元108000两银子,1,1,4
1116,打黑心(新)_1元负分清零,1,2,4
1117,打黑心(新)_6元100积分,1,2,4
1118,打黑心(新)_12元220积分,1,2,4
1119,打黑心(新)_1元负分清零,1,2,4
1120,打黑心(新)_6元100积分,1,2,4
1121,打黑心(新)_12元220积分,1,2,4
1122,宜兴麻将_2元12000两银子,1,1,4
1123,宜兴麻将_6元45000两银子,1,1,4
1124,宜兴麻将_10元90000两银子,1,1,4
1125,宜兴麻将_20元220000两银子,1,1,4
1126,宜兴麻将_50元555000两银子,1,1,4
1127,宜兴麻将_100元1150000两银子,1,1,4
1128,扎股子_1元负分清零,1,2,4
1129,扎股子_6元100积分,1,2,4
1130,扎股子_18元360积分,1,2,4
1131,红五(三副牌)_1元负分清零,1,2,4
1132,红五(三副牌)_6元到达188积分,1,2,4
1133,红五(三副牌)_18元到达578积分,1,2,4
1134,红五(三副牌)_30元到达988积分,1,2,4
1135,红五(三副牌)_50元到达1688积分,1,2,4
1136,红五(三副牌)_98元到达3888积分,1,2,4
1137,红五(三副牌)_1元负分清零,1,2,4
1138,红五(三副牌)_6元到达188积分,1,2,4
1139,红五(三副牌)_18元到达578积分,1,2,4
1140,红五(三副牌)_30元到达988积分,1,2,4
1141,红五(三副牌)_50元到达1688积分,1,2,4
1142,红五(三副牌)_98元到达3888积分,1,2,4
1143,万州麻将_6元45000两银子,1,1,4
1144,万州麻将_12元120000两银子,1,1,4
1145,万州麻将_18元180000两银子,1,1,4
1146,万州麻将_50元555000两银子,1,1,4
1147,万州麻将_98元1078000两银子,1,1,4
1148,万州麻将_298元3427000两银子,1,1,4
1149,六安麻将_2元12000两银子,1,1,4
1150,六安麻将_6元45000两银子,1,1,4
1151,六安麻将_10元90000两银子,1,1,4
1152,六安麻将_20元220000两银子,1,1,4
1153,六安麻将_50元555000两银子,1,1,4
1154,六安麻将_100元1150000两银子,1,1,4
1155,六安麻将_300元3450000两银子,1,1,4
1156,六安麻将_500元5800000两银子,1,1,4
1157,六安麻将_1000元11700000两银子,1,1,4
1158,六安麻将_6元45000两银子,1,1,4
1159,六安麻将_12元108000两银子,1,1,4
1160,六安麻将_18元198000两银子,1,1,4
1161,六安麻将_50元555000两银子,1,1,4
1162,六安麻将_98元1127000两银子,1,1,4
1163,六安麻将_298元3427000两银子,1,1,4
1164,挖花_2元12000两银子,1,1,4
1165,挖花_6元45000两银子,1,1,4
1166,挖花_10元90000两银子,1,1,4
1167,挖花_20元220000两银子,1,1,4
1168,挖花_50元555000两银子,1,1,4
1169,挖花_100元1150000两银子,1,1,4
1170,挖花_300元3450000两银子,1,1,4
1171,挖花_500元5800000两银子,1,1,4
1172,挖花_1000元11700000两银子,1,1,4
1173,挖花_6元45000两银子,1,1,4
1174,挖花_12元108000两银子,1,1,4
1175,挖花_18元198000两银子,1,1,4
1176,挖花_50元555000两银子,1,1,4
1177,挖花_98元1127000两银子,1,1,4
1178,挖花_298元3427000两银子,1,1,4
1179,罗松_2元12000两银子,1,1,4
1180,罗松_6元45000两银子,1,1,4
1181,罗松_10元90000两银子,1,1,4
1182,罗松_20元220000两银子,1,1,4
1183,罗松_50元555000两银子,1,1,4
1184,罗松_100元1150000两银子,1,1,4
1185,罗松_300元3450000两银子,1,1,4
1186,罗松_500元5800000两银子,1,1,4
1187,罗松_1000元11700000两银子,1,1,4
1188,罗松_6元45000两银子,1,1,4
1189,罗松_12元108000两银子,1,1,4
1190,罗松_18元198000两银子,1,1,4
1191,罗松_50元555000两银子,1,1,4
1192,罗松_98元1127000两银子,1,1,4
1193,罗松_298元3427000两银子,1,1,4
1194,罗松_488元5660800两银子,1,1,4
1195,诸暨包麻将(新)_1元6000两银子,1,1,4
1196,诸暨包麻将(新)_6元45000两银子,1,1,4
1197,诸暨包麻将(新)_12元120000两银子,1,1,4
1198,诸暨包麻将(新)_18元198000两银子,1,1,4
1199,诸暨包麻将(新)_30元330000两银子,1,1,4
1200,诸暨包麻将(新)_98元1127000两银子,1,1,4
1201,诸暨包麻将(新)_198元2277000两银子,1,1,4
1202,诸暨包麻将(新)_298元3427000两银子,1,1,4
1203,诸暨包麻将(新)_488元5612000两银子,1,1,4
1204,绍兴麻将_1元6000两银子,1,1,4
1205,绍兴麻将_6元45000两银子,1,1,4
1206,绍兴麻将_20元220000两银子,1,1,4
1207,绍兴麻将_50元555000两银子,1,1,4
1208,绍兴麻将_100元1150000两银子,1,1,4
1209,绍兴麻将_300元3450000两银子,1,1,4
1210,绍兴麻将_1元6000两银子,1,1,4
1211,绍兴麻将_6元45000两银子,1,1,4
1212,绍兴麻将_18元198000两银子,1,1,4
1213,绍兴麻将_50元555000两银子,1,1,4
1214,绍兴麻将_98元1127000两银子,1,1,4
1215,绍兴麻将_298元3427000两银子,1,1,4
1216,水果连连看_1元10个钻石,1,2,4
1217,水果连连看_6元60个钻石,1,2,4
1218,水果连连看_12元120个钻石,1,2,4
1219,水果连连看_30元300个钻石,1,2,4
1220,水果连连看_50元500个钻石,1,2,4
1221,水果连连看_98元980个钻石,1,2,4
1222,横扫鬼子_1元100个钻石,1,2,4
1223,横扫鬼子_6元666个钻石,1,2,4
1224,横扫鬼子_12元1333个钻石,1,2,4
1225,横扫鬼子_30元3360个钻石,1,2,4
1226,横扫鬼子_98元11300个钻石,1,2,4
1227,萍乡麻将_1元6000两银子,1,1,4
1228,萍乡麻将_6元45000两银子,1,1,4
1229,萍乡麻将_12元108000两银子,1,1,4
1230,萍乡麻将_18元198000两银子,1,1,4
1231,萍乡麻将_50元555000两银子,1,1,4
1232,萍乡麻将_98元1127000两银子,1,1,4
1233,萍乡麻将_488元5660800两银子,1,1,4
1234,贪吃蛇战网版_1元10个钻石,1,2,4
1235,贪吃蛇战网版_6元60个钻石,1,2,4
1236,贪吃蛇战网版_12元120个钻石,1,2,4
1237,贪吃蛇战网版_18元180个钻石,1,2,4
1238,贪吃蛇战网版_30元300个钻石,1,2,4
1239,贪吃蛇战网版_50元500个钻石,1,2,4
1240,河池麻将_2元12000两银子,1,1,4
1241,河池麻将_6元45000两银子,1,1,4
1242,河池麻将_18元198000两银子,1,1,4
1243,红五五家_1元负分清零,1,2,4
1244,红五五家_6元到达180积分,1,2,4
1245,红五五家_18元到达588积分,1,2,4
1246,红五五家_30元到达1000积分,1,2,4
1247,红五五家_50元到达2000积分,1,2,4
1248,红五五家_98元到达5000积分,1,2,4
1249,红五五家_1元负分清零,1,2,4
1250,红五五家_6元到达180积分,1,2,4
1251,红五五家_18元到达588积分,1,2,4
1252,红五五家_30元到达1000积分,1,2,4
1253,红五五家_50元到达2000积分,1,2,4
1254,红五五家_98元到达5000积分,1,2,4
1255,常熟麻将(新)_2元12000两银子,1,1,4
1256,常熟麻将(新)_6元45000两银子,1,1,4
1257,常熟麻将(新)_10元90000两银子,1,1,4
1258,常熟麻将(新)_20元220000两银子,1,1,4
1259,常熟麻将(新)_100元1150000两银子,1,1,4
1260,贪吃蛇战网版_1元10个钻石,1,2,4
1261,贪吃蛇战网版_6元60个钻石,1,2,4
1262,贪吃蛇战网版_12元120个钻石,1,2,4
1263,贪吃蛇战网版_18元180个钻石,1,2,4
1264,贪吃蛇战网版_30元300个钻石,1,2,4
1265,贪吃蛇战网版_50元500个钻石,1,2,4
1266,关牌(新)_6元45000两银子,1,1,4
1267,关牌(新)_12元108000两银子,1,1,4
1268,关牌(新)_18元198000两银子,1,1,4
1269,关牌(新)_50元555000两银子,1,1,4
1270,关牌(新)_98元1127000两银子,1,1,4
1271,关牌(新)_298元3427000两银子,1,1,4
1272,关牌(新)_488元5660800两银子,1,1,4
1273,比鸡_6元45000两银子,1,1,4
1274,比鸡_12元108000两银子,1,1,4
1275,比鸡_18元198000两银子,1,1,4
1276,比鸡_50元555000两银子,1,1,4
1277,比鸡_98元1127000两银子,1,1,4
1278,比鸡_298元3427000两银子,1,1,4
1279,比鸡_488元5660800两银子,1,1,4
1280,万州麻将_6元45000两银子,1,1,4
1281,万州麻将_12元108000两银子,1,1,4
1282,万州麻将_18元198000两银子,1,1,4
1283,万州麻将_50元555000两银子,1,1,4
1284,万州麻将_98元1127000两银子,1,1,4
1285,万州麻将_488元5660800两银子,1,1,4
1286,长沙麻将_6元负分清零,1,2,4
1287,长沙麻将_12元到达1240积分,1,2,4
1288,水果连连看_1元10个钻石,1,2,4
1289,水果连连看_6元60个钻石,1,2,4
1290,水果连连看_12元120个钻石,1,2,4
1291,水果连连看_30元300个钻石,1,2,4
1292,水果连连看_50元500个钻石,1,2,4
1293,水果连连看_98元980个钻石,1,2,4
1294,斗牌_6元6个钻石,1,2,4
1295,斗牌_10元10个钻石,1,2,4
1296,斗牌_88元88个钻石,1,2,4
1297,斗牌_348元348个钻石,1,2,4
1298,双扣(新)_1元10积分,1,2,4
1299,双扣(新)_6元60积分,1,2,4
1300,双扣(新)_18元180积分,1,2,4
1301,双扣(新)_1元10积分,1,2,4
1302,双扣(新)_6元60积分,1,2,4
1303,双扣(新)_18元180积分,1,2,4
1304,挖坑_1元6000两银子,1,1,4
1305,挖坑_6元45000两银子,1,1,4
1306,挖坑_10元90000两银子,1,1,4
1307,挖坑_20元220000两银子,1,1,4
1308,挖坑_30元330000两银子,1,1,4
1309,挖坑_50元555000两银子,1,1,4
1310,挖坑_100元1150000两银子,1,1,4
1311,挖坑_200元2300000两银子,1,1,4
1312,挖坑_500元5800000两银子,1,1,4
1313,挖坑_1元6000两银子,1,1,4
1314,挖坑_6元45000两银子,1,1,4
1315,挖坑_12元108000两银子,1,1,4
1316,挖坑_18元198000两银子,1,1,4
1317,挖坑_30元330000两银子,1,1,4
1318,挖坑_50元555000两银子,1,1,4
1319,挖坑_98元1127000两银子,1,1,4
1320,挖坑_198元2277000两银子,1,1,4
1321,挖坑_488元5660800两银子,1,1,4
1322,横扫鬼子_1元100个钻石,1,2,4
1323,横扫鬼子_6元666个钻石,1,2,4
1324,横扫鬼子_12元1333个钻石,1,2,4
1325,横扫鬼子_30元3360个钻石,1,2,4
1326,横扫鬼子_98元11300个钻石,1,2,4
1327,扎股子_1元6000两银子,1,1,4
1328,扎股子_6元45000两银子,1,1,4
1329,扎股子_10元90000两银子,1,1,4
1330,扎股子_20元220000两银子,1,1,4
1331,扎股子_50元555000两银子,1,1,4
1332,扎股子_1元6000两银子,1,1,4
1333,扎股子_6元45000两银子,1,1,4
1334,扎股子_12元108000两银子,1,1,4
1335,扎股子_18元198000两银子,1,1,4
1336,扎股子_50元555000两银子,1,1,4
1337,美女捕鱼_98元196个钻石,1,2,4
1338,美女捕鱼_6元50000两银子,1,1,4
1339,美女捕鱼_18元167000两银子,1,1,4
1340,美女捕鱼_50元560000两银子,1,1,4
1341,美女捕鱼_198元2300000两银子,1,1,4
1342,美女捕鱼_18元180000两银子,1,1,4
1343,美女捕鱼_30元330000两银子,1,1,4
1344,美女捕鱼_68元754800两银子,1,1,4
1345,美女捕鱼_98元1087800两银子,1,1,4
1346,美女捕鱼_128元1472000两银子,1,1,4
1347,美女捕鱼_198元2277000两银子,1,1,4
1348,捉老麻子_1元6000两银子,1,1,4
1349,捉老麻子_6元45000两银子,1,1,4
1350,捉老麻子_20元220000两银子,1,1,4
1351,捉老麻子_50元555000两银子,1,1,4
1352,捉老麻子_100元1150000两银子,1,1,4
1353,捉老麻子_200元2300000两银子,1,1,4
1354,中心五(新)_1元到达5积分,1,2,4
1355,中心五(新)_18元到达400积分,1,2,4
1356,中心五(新)_2元到达5积分,1,2,4
1357,中心五(新)_20元到达400积分,1,2,4
1358,三扣_30元到达688积分,1,2,4
1359,三扣_50元到达1250积分,1,2,4
1360,三扣_98元到达3000积分,1,2,4
1361,三扣_30元到达688积分,1,2,4
1362,三扣_50元到达1250积分,1,2,4
1363,三扣_98元到达3000积分,1,2,4
1364,红十_30元到达688积分,1,2,4
1365,红十_50元到达1250积分,1,2,4
1366,红十_98元到达3000积分,1,2,4
1367,红十_18元到达388积分,1,2,4
1368,红十_30元到达688积分,1,2,4
1369,红十_50元到达1250积分,1,2,4
1370,红十_98元到达3000积分,1,2,4
1371,岫岩板成_2元负分清零,1,2,4
1372,岫岩板成_3元30积分,1,2,4
1373,岫岩板成_10元150积分,1,2,4
1374,红二(新)_2元负分清零,1,2,4
1375,红二(新)_3元30积分,1,2,4
1376,红二(新)_10元150积分,1,2,4
1377,景德镇麻将(新)_2元12000两银子,1,1,4
1378,逮狗腿_6元120个钻石,1,2,4
1379,逮狗腿_30元600个钻石,1,2,4
1380,逮狗腿_50元1000个钻石,1,2,4
1381,逮狗腿_108元2160个钻石,1,2,4
1382,挖坑_1元6000两银子,1,1,4
1383,挖坑_6元45000两银子,1,1,4
1384,挖坑_12元108000两银子,1,1,4
1385,挖坑_18元198000两银子,1,1,4
1386,挖坑_30元330000两银子,1,1,4
1387,挖坑_50元555000两银子,1,1,4
1388,挖坑_98元1127000两银子,1,1,4
1389,挖坑_198元2277000两银子,1,1,4
1390,挖坑_488元5660800两银子,1,1,4
1391,通山打拱_6元45000两银子,1,1,4
1392,通山打拱_9元81000两银子,1,1,4
1393,通山打拱_12元120000两银子,1,1,4
1394,通山打拱_18元180000两银子,1,1,4
1395,通山打拱_30元330000两银子,1,1,4
1396,通山打拱_50元555000两银子,1,1,4
1397,通山打拱_80元888000两银子,1,1,4
1398,通山打拱_120元1380000两银子,1,1,4
1399,通山打拱_380元4370000两银子,1,1,4
1400,通山打拱_520元6032000两银子,1,1,4
1401,扣点麻将_6元45000两银子,1,1,4
1402,扣点麻将_9元81000两银子,1,1,4
1403,扣点麻将_12元120000两银子,1,1,4
1404,扣点麻将_18元180000两银子,1,1,4
1405,扣点麻将_30元330000两银子,1,1,4
1406,扣点麻将_50元555000两银子,1,1,4
1407,扣点麻将_80元888000两银子,1,1,4
1408,扣点麻将_120元1380000两银子,1,1,4
1409,扣点麻将_380元4370000两银子,1,1,4
1410,扣点麻将_520元6032000两银子,1,1,4
1411,立四麻将_1元6000两银子,1,1,4
1412,立四麻将_6元45000两银子,1,1,4
1413,立四麻将_12元108000两银子,1,1,4
1414,立四麻将_18元198000两银子,1,1,4
1415,立四麻将_50元555000两银子,1,1,4
1416,立四麻将_98元1127000两银子,1,1,4
1417,立四麻将_2元12000两银子,1,1,4
1418,立四麻将_6元45000两银子,1,1,4
1419,立四麻将_10元90000两银子,1,1,4
1420,立四麻将_20元220000两银子,1,1,4
1421,立四麻将_50元555000两银子,1,1,4
1422,立四麻将_100元1150000两银子,1,1,4
1423,马队_10元150积分,1,2,4
1424,马队_18元300积分,1,2,4
1425,马队_50元1000积分,1,2,4
1426,马队_12元160积分,1,2,4
1427,马队_18元300积分,1,2,4
1428,马队_50元1000积分,1,2,4
1429,罗松_30元30个钻石,1,2,4
1430,罗松_98元98个钻石,1,2,4
1431,罗松_30元30个钻石,1,2,4
1432,罗松_98元98个钻石,1,2,4
1433,宜兴麻将_6元45000两银子,1,1,4
1434,宜兴麻将_12元108000两银子,1,1,4
1435,宜兴麻将_18元198000两银子,1,1,4
1436,宜兴麻将_50元555000两银子,1,1,4
1437,宜兴麻将_108元1242000两银子,1,1,4
1438,常熟炒地皮(新)_2元到达5积分,1,2,4
1439,常熟炒地皮(新)_20元到达300积分,1,2,4
1440,常熟炒地皮(新)_1元到达5积分,1,2,4
1441,常熟炒地皮(新)_18元到达300积分,1,2,4
1442,战机1942_6元60个钻石,1,2,4
1443,战机1942_12元120个钻石,1,2,4
1444,战机1942_18元180个钻石,1,2,4
1445,战机1942_30元300个钻石,1,2,4
1446,战机1942_50元500个钻石,1,2,4
1447,战机1942_108元1080个钻石,1,2,4
1448,战机1942_158元1580个钻石,1,2,4
1449,战机1942_268元2680个钻石,1,2,4
1450,战机1942_6元60个钻石,1,2,4
1451,战机1942_10元100个钻石,1,2,4
1452,战机1942_20元200个钻石,1,2,4
1453,战机1942_36元360个钻石,1,2,4
1454,战机1942_68元680个钻石,1,2,4
1455,战机1942_108元1080个钻石,1,2,4
1456,战机1942_158元1580个钻石,1,2,4
1457,战机1942_268元2680个钻石,1,2,4
1458,捉老麻子_1元6000两银子,1,1,4
1459,捉老麻子_6元45000两银子,1,1,4
1460,捉老麻子_20元220000两银子,1,1,4
1461,捉老麻子_50元555000两银子,1,1,4
1462,捉老麻子_100元1150000两银子,1,1,4
1463,捉老麻子_200元2300000两银子,1,1,4
1464,平阳两副头_6元到达100积分,1,2,4
1465,平阳两副头_10元到达200积分,1,2,4
1466,平阳两副头_20元到达880积分,1,2,4
1467,平阳两副头_50元到达3000积分,1,2,4
1468,平阳两副头_100元到达6000积分,1,2,4
1469,战机1942_6元60个钻石,1,2,4
1470,战机1942_10元100个钻石,1,2,4
1471,战机1942_20元200个钻石,1,2,4
1472,战机1942_36元360个钻石,1,2,4
1473,战机1942_68元680个钻石,1,2,4
1474,战机1942_108元1080个钻石,1,2,4
1475,战机1942_158元1580个钻石,1,2,4
1476,战机1942_268元2680个钻石,1,2,4
1477,战机1942_25元250个钻石,1,2,4
1478,战机1942_40元400个钻石,1,2,4
1479,战机1942_6元60个钻石,1,2,4
1480,战机1942_12元120个钻石,1,2,4
1481,战机1942_18元180个钻石,1,2,4
1482,战机1942_30元300个钻石,1,2,4
1483,战机1942_50元500个钻石,1,2,4
1484,战机1942_108元1080个钻石,1,2,4
1485,战机1942_158元1580个钻石,1,2,4
1486,战机1942_268元2680个钻石,1,2,4
1487,战机1942_25元250个钻石,1,2,4
1488,战机1942_50元500个钻石,1,2,4
1489,俄罗斯方块_1元10个钻石,1,2,4
1490,俄罗斯方块_6元66个钻石,1,2,4
1491,俄罗斯方块_12元133个钻石,1,2,4
1492,俄罗斯方块_30元330个钻石,1,2,4
1493,俄罗斯方块_50元560个钻石,1,2,4
1494,俄罗斯方块_98元1130个钻石,1,2,4
1495,俄罗斯方块_1元10个钻石,1,2,4
1496,俄罗斯方块_6元66个钻石,1,2,4
1497,俄罗斯方块_12元133个钻石,1,2,4
1498,俄罗斯方块_30元330个钻石,1,2,4
1499,俄罗斯方块_50元560个钻石,1,2,4
1500,俄罗斯方块_98元1130个钻石,1,2,4
1501,捉鸡川麻将_2元12000两银子,1,1,4
1502,捉鸡川麻将_6元45000两银子,1,1,4
1503,捉鸡川麻将_10元90000两银子,1,1,4
1504,捉鸡川麻将_20元220000两银子,1,1,4
1505,捉鸡川麻将_50元555000两银子,1,1,4
1506,捉鸡川麻将_100元1150000两银子,1,1,4
1507,捉鸡川麻将_6元45000两银子,1,1,4
1508,美女捕鱼_12元240个钻石,1,2,4
1509,美女捕鱼_198元3960个钻石,1,2,4
1510,美女捕鱼_348元6960个钻石,1,2,4
1511,美女捕鱼_488元9760个钻石,1,2,4
1512,美女捕鱼_12元199个钻石,1,2,4
1513,美女捕鱼_30元599个钻石,1,2,4
1514,美女捕鱼_18元359个钻石,1,2,4
1515,美女捕鱼_1元6000两银子,1,1,4
1516,美女捕鱼_12元108000两银子,1,1,4
1517,美女捕鱼_30元320000两银子,1,1,4
1518,美女捕鱼_98元1127000两银子,1,1,4
1519,美女捕鱼_198元2270000两银子,1,1,4
1520,美女捕鱼_298元3427000两银子,1,1,4
1521,美女捕鱼_488元5660800两银子,1,1,4
1522,美女捕鱼_6元60000两银子,1,1,4
1523,美女捕鱼_12元120000两银子,1,1,4
1524,美女捕鱼_108元1242000两银子,1,1,4
1525,苏州麻将(新)_6元45000两银子,1,1,4
1526,苏州麻将(新)_12元108000两银子,1,1,4
1527,苏州麻将(新)_18元198000两银子,1,1,4
1528,苏州麻将(新)_30元330000两银子,1,1,4
1529,苏州麻将(新)_50元555000两银子,1,1,4
1530,苏州麻将(新)_108元1242000两银子,1,1,4
1531,苏州麻将(新)_158元1817000两银子,1,1,4
1532,苏州麻将(新)_198元2277000两银子,1,1,4
1533,苏州麻将(新)_268元3082000两银子,1,1,4
1534,捉老麻子_18元198000两银子,1,1,4
1535,捉老麻子_98元1127000两银子,1,1,4
1536,捉老麻子_198元2277000两银子,1,1,4
1537,平阳两副头_6元到达100积分,1,2,4
1538,平阳两副头_12元到达200积分,1,2,4
1539,平阳两副头_18元到达880积分,1,2,4
1540,平阳两副头_50元到达3000积分,1,2,4
1541,平阳两副头_98元到达6000积分,1,2,4
1542,河津老炮_1元负分清零,1,2,4
1543,河津老炮_6元到达40积分,1,2,4
1544,河津老炮_20元150积分,1,2,4
1545,河津老炮_1元负分清零,1,2,4
1546,河津老炮_6元到达40积分,1,2,4
1547,河津老炮_20元150积分,1,2,4
1548,德州扑克_6元45000两银子,1,1,4
1549,德州扑克_12元108000两银子,1,1,4
1550,德州扑克_18元198000两银子,1,1,4
1551,德州扑克_50元555000两银子,1,1,4
1552,德州扑克_98元1127000两银子,1,1,4
1553,德州扑克_298元3427000两银子,1,1,4
1554,德州扑克_488元5660800两银子,1,1,4
1555,中国象棋(新)_1元负分清零,1,2,4
1556,中国象棋(新)_1元负分清零,1,2,4
1557,通山打拱_6元45000两银子,1,1,4
1558,通山打拱_12元108000两银子,1,1,4
1559,通山打拱_18元198000两银子,1,1,4
1560,通山打拱_30元330000两银子,1,1,4
1561,通山打拱_50元555000两银子,1,1,4
1562,通山打拱_88元976800两银子,1,1,4
1563,通山打拱_128元1472000两银子,1,1,4
1564,通山打拱_388元4462000两银子,1,1,4
1565,通山打拱_518元6008800两银子,1,1,4
1566,扣点麻将_6元45000两银子,1,1,4
1567,扣点麻将_12元108000两银子,1,1,4
1568,扣点麻将_18元198000两银子,1,1,4
1569,扣点麻将_30元330000两银子,1,1,4
1570,扣点麻将_50元555000两银子,1,1,4
1571,扣点麻将_88元976800两银子,1,1,4
1572,扣点麻将_128元1472000两银子,1,1,4
1573,扣点麻将_388元4462000两银子,1,1,4
1574,扣点麻将_518元6008800两银子,1,1,4
1575,大贰_1元6000两银子,1,1,4
1576,大贰_2元12000两银子,1,1,4
1577,大贰_6元45000两银子,1,1,4
1578,大贰_10元90000两银子,1,1,4
1579,大贰_20元220000两银子,1,1,4
1580,大贰_50元555000两银子,1,1,4
1581,大贰_100元1150000两银子,1,1,4
1582,大贰_500元5800000两银子,1,1,4
1583,陕西三代_1元6000两银子,1,1,4
1584,陕西三代_6元45000两银子,1,1,4
1585,陕西三代_18元198000两银子,1,1,4
1586,陕西三代_50元555000两银子,1,1,4
1587,陕西三代_98元1127000两银子,1,1,4
1588,陕西三代_198元2277000两银子,1,1,4
1589,陕西三代_1元6000两银子,1,1,4
1590,陕西三代_6元45000两银子,1,1,4
1591,陕西三代_20元220000两银子,1,1,4
1592,陕西三代_50元555000两银子,1,1,4
1593,陕西三代_100元1150000两银子,1,1,4
1594,陕西三代_200元2300000两银子,1,1,4
1595,岫岩板成_6元60积分,1,2,4
1596,岫岩板成_12元200积分,1,2,4
1597,岫岩板成_18元400积分,1,2,4
1598,潍坊保皇(新)_1元负分清零,1,2,4
1599,潍坊保皇(新)_6元100积分,1,2,4
1600,潍坊保皇(新)_12元248积分,1,2,4
1601,潍坊保皇(新)_30元650积分,1,2,4
1602,潍坊保皇(新)_50元1100积分,1,2,4
1603,潍坊保皇(新)_88元2100积分,1,2,4
1604,潍坊保皇(新)_198元5000积分,1,2,4
1605,潍坊保皇(新)_488元13000积分,1,2,4
1606,潍坊保皇(新)_1元负分清零,1,2,4
1607,潍坊保皇(新)_6元100积分,1,2,4
1608,潍坊保皇(新)_12元248积分,1,2,4
1609,潍坊保皇(新)_30元650积分,1,2,4
1610,潍坊保皇(新)_50元1100积分,1,2,4
1611,潍坊保皇(新)_88元2100积分,1,2,4
1612,潍坊保皇(新)_198元5000积分,1,2,4
1613,潍坊保皇(新)_488元13000积分,1,2,4
1614,四人斗地主(三扣一)(新)_2元12000两银子,1,1,4
1615,四人斗地主(三扣一)(新)_6元45000两银子,1,1,4
1616,四人斗地主(三扣一)(新)_20元220000两银子,1,1,4
1617,四人斗地主(三扣一)(新)_50元555000两银子,1,1,4
1618,四人斗地主(三扣一)(新)_100元1150000两银子,1,1,4
1619,四人斗地主(三扣一)(新)_1元6000两银子,1,1,4
1620,四人斗地主(三扣一)(新)_6元45000两银子,1,1,4
1621,四人斗地主(三扣一)(新)_18元198000两银子,1,1,4
1622,攉龙_6元60积分,1,2,4
1623,攉龙_18元200积分,1,2,4
1624,攉龙_50元600积分,1,2,4
1625,攉龙_98元1500积分,1,2,4
1626,攉龙_6元60积分,1,2,4
1627,攉龙_20元240积分,1,2,4
1628,攉龙_50元600积分,1,2,4
1629,攉龙_100元1500积分,1,2,4
1630,浠水打七_2元负分清零,1,2,4
1631,浠水打七_6元60积分,1,2,4
1632,浠水打七_20元260积分,1,2,4
1633,浠水打七_50元750积分,1,2,4
1634,浠水打七_1元负分清零,1,2,4
1635,浠水打七_6元60积分,1,2,4
1636,浠水打七_18元200积分,1,2,4
1637,浠水打七_50元750积分,1,2,4
1638,宿松同心_6元45000两银子,1,1,4
1639,宿松同心_12元108000两银子,1,1,4
1640,宿松同心_18元198000两银子,1,1,4
1641,宿松同心_30元330000两银子,1,1,4
1642,宿松同心_50元555000两银子,1,1,4
1643,宿松同心_108元1242000两银子,1,1,4
1644,宿松同心_2元12000两银子,1,1,4
1645,宿松同心_6元45000两银子,1,1,4
1646,宿松同心_10元90000两银子,1,1,4
1647,宿松同心_20元220000两银子,1,1,4
1648,宿松同心_50元555000两银子,1,1,4
1649,宿松同心_100元1150000两银子,1,1,4
1650,打麻子_6元1000积分,1,2,4
1651,打麻子_12元3000积分,1,2,4
1652,打麻子_18元5000积分,1,2,4
1653,打麻子_25元8000积分,1,2,4
1654,四国军棋_1元负分清零,1,2,4
1655,四国军棋_1元负分清零,1,2,4
1656,逮狗腿_6元200积分,1,2,4
1657,逮狗腿_10元500积分,1,2,4
1658,红二(新)_6元60积分,1,2,4
1659,红二(新)_12元150积分,1,2,4
1660,红二(新)_18元250积分,1,2,4
1661,通山打拱_25元275000两银子,1,1,4
1662,通山打拱_25元275000两银子,1,1,4
1663,通山打拱_6元200积分,1,2,4
1664,通山打拱_12元450积分,1,2,4
1665,通山打拱_25元1000积分,1,2,4
1666,通山打拱_6元200积分,1,2,4
1667,通山打拱_12元450积分,1,2,4
1668,通山打拱_25元1000积分,1,2,4
1669,干瞪眼_1元6000两银子,1,1,4
1670,干瞪眼_6元45000两银子,1,1,4
1671,干瞪眼_12元108000两银子,1,1,4
1672,干瞪眼_25元275000两银子,1,1,4
1673,干瞪眼_50元555000两银子,1,1,4
1674,干瞪眼_1元6000两银子,1,1,4
1675,干瞪眼_6元45000两银子,1,1,4
1676,干瞪眼_10元90000两银子,1,1,4
1677,干瞪眼_20元220000两银子,1,1,4
1678,干瞪眼_50元555000两银子,1,1,4
1679,双扣(新)_1元6000两银子,1,1,4
1680,双扣(新)_6元45000两银子,1,1,4
1681,双扣(新)_12元108000两银子,1,1,4
1682,双扣(新)_18元198000两银子,1,1,4
1683,双扣(新)_50元555000两银子,1,1,4
1684,双扣(新)_98元1127000两银子,1,1,4
1685,双扣(新)_2元12000两银子,1,1,4
1686,双扣(新)_6元45000两银子,1,1,4
1687,双扣(新)_10元90000两银子,1,1,4
1688,双扣(新)_20元220000两银子,1,1,4
1689,双扣(新)_50元555000两银子,1,1,4
1690,双扣(新)_100元1150000两银子,1,1,4
1691,双扣(新)_1元6000两银子,1,1,4
1692,双扣(新)_6元45000两银子,1,1,4
1693,双扣(新)_12元108000两银子,1,1,4
1694,双扣(新)_18元198000两银子,1,1,4
1695,双扣(新)_50元555000两银子,1,1,4
1696,双扣(新)_98元1127000两银子,1,1,4
1697,打大A(新)_2元38积分,1,2,4
1698,打大A(新)_5元98积分,1,2,4
1699,打大A(新)_10元198积分,1,2,4
1700,打大A(新)_15元298积分,1,2,4
1701,打大A(新)_20元398积分,1,2,4
1702,打大A(新)_50元998积分,1,2,4
1703,打大A(新)_1元288积分,1,2,4
1704,打大A(新)_2元288积分,1,2,4
1705,打大A(新)_5元288积分,1,2,4
1706,打大A(新)_8元288积分,1,2,4
1707,打大A(新)_10元288积分,1,2,4
1708,打大A(新)_15元288积分,1,2,4
1709,雷州升级(新)_1元负分清零,1,2,4
1710,雷州升级(新)_3元50积分,1,2,4
1711,雷州升级(新)_6元100积分,1,2,4
1712,雷州升级(新)_8元150积分,1,2,4
1713,雷州升级(新)_12元300积分,1,2,4
1714,雷州升级(新)_18元500积分,1,2,4
1715,捉鸡川麻将_6元120000积分,1,2,4
1716,捉鸡川麻将_18元360000积分,1,2,4
1717,捉鸡川麻将_30元600000积分,1,2,4
1718,捉鸡川麻将_50元1000000积分,1,2,4
1719,捉鸡川麻将_70元1400000积分,1,2,4
1720,捉鸡川麻将_100元2000000积分,1,2,4
1721,捉鸡川麻将_6元240000积分,1,2,4
1722,捉鸡川麻将_50元1500000积分,1,2,4
1723,捉鸡川麻将_6元120000积分,1,2,4
1724,捉鸡川麻将_12元240000积分,1,2,4
1725,捉鸡川麻将_18元360000积分,1,2,4
1726,捉鸡川麻将_30元600000积分,1,2,4
1727,捉鸡川麻将_50元1000000积分,1,2,4
1728,捉鸡川麻将_98元2000000积分,1,2,4
1729,捉鸡川麻将_6元240000积分,1,2,4
1730,捉鸡川麻将_50元1500000积分,1,2,4
1731,比鸡_6元45000两银子,1,1,4
1732,比鸡_12元108000两银子,1,1,4
1733,比鸡_18元198000两银子,1,1,4
1734,比鸡_50元555000两银子,1,1,4
1735,比鸡_98元1127000两银子,1,1,4
1736,比鸡_298元3427000两银子,1,1,4
1737,比鸡_488元5660800两银子,1,1,4
1738,幺地人_2元12000两银子,1,1,4
1739,幺地人_6元45000两银子,1,1,4
1740,幺地人_10元90000两银子,1,1,4
1741,幺地人_20元220000两银子,1,1,4
1742,幺地人_50元555000两银子,1,1,4
1743,幺地人_100元1150000两银子,1,1,4
1744,幺地人_300元3450000两银子,1,1,4
1745,幺地人_500元5800000两银子,1,1,4
1746,幺地人_1元6000两银子,1,1,4
1747,幺地人_6元45000两银子,1,1,4
1748,幺地人_12元108000两银子,1,1,4
1749,幺地人_18元198000两银子,1,1,4
1750,幺地人_30元330000两银子,1,1,4
1751,幺地人_50元555000两银子,1,1,4
1752,幺地人_98元1127000两银子,1,1,4
1753,幺地人_198元2277000两银子,1,1,4
1754,幺地人_488元5660800两银子,1,1,4
1755,常熟麻将(新)_6元45000两银子,1,1,4
1756,常熟麻将(新)_12元108000两银子,1,1,4
1757,常熟麻将(新)_18元198000两银子,1,1,4
1758,常熟麻将(新)_30元330000两银子,1,1,4
1759,常熟麻将(新)_50元555000两银子,1,1,4
1760,常熟麻将(新)_108元1242000两银子,1,1,4
1761,常熟麻将(新)_158元1817000两银子,1,1,4
1762,常熟麻将(新)_198元2277000两银子,1,1,4
1763,常熟麻将(新)_268元3082000两银子,1,1,4
1764,血战到底_6元45000两银子,1,1,4
1765,血战到底_18元198000两银子,1,1,4
1766,血战到底_50元555000两银子,1,1,4
1767,血战到底_98元1127000两银子,1,1,4
1768,血战到底_298元3427000两银子,1,1,4
1769,血战到底_488元5660800两银子,1,1,4
1770,对调_2元400积分,1,2,4
1771,对调_6元1300积分,1,2,4
1772,对调_18元4200积分,1,2,4
1773,对调_20元4500积分,1,2,4
1774,对调_50元12000积分,1,2,4
1775,对调_108元27000积分,1,2,4
1776,诸暨包麻将(新)_1元6000两银子,1,1,4
1777,诸暨包麻将(新)_1元6000两银子,1,1,4
1778,逞癞子(新)_2元12000两银子,1,1,4
1779,逞癞子(新)_6元45000两银子,1,1,4
1780,逞癞子(新)_10元90000两银子,1,1,4
1781,逞癞子(新)_20元220000两银子,1,1,4
1782,逞癞子(新)_50元555000两银子,1,1,4
1783,逞癞子(新)_100元1150000两银子,1,1,4
1784,逞癞子(新)_1元6000两银子,1,1,4
1785,逞癞子(新)_6元45000两银子,1,1,4
1786,逞癞子(新)_18元198000两银子,1,1,4
1787,逞癞子(新)_50元555000两银子,1,1,4
1788,逞癞子(新)_128元1472000两银子,1,1,4
1789,逞癞子(新)_188元2162000两银子,1,1,4
1790,大贰_6元45000两银子,1,1,4
1791,大贰_12元108000两银子,1,1,4
1792,大贰_18元198000两银子,1,1,4
1793,大贰_50元555000两银子,1,1,4
1794,大贰_98元1127000两银子,1,1,4
1795,大贰_488元5660800两银子,1,1,4
1796,雷州升级(新)_1元负分清零,1,2,4
1797,雷州升级(新)_6元100积分,1,2,4
1798,雷州升级(新)_12元300积分,1,2,4
1799,红中赖子杠_2元12000两银子,1,1,4
1800,红中赖子杠_6元45000两银子,1,1,4
1801,红中赖子杠_12元108000两银子,1,1,4
1802,红中赖子杠_18元198000两银子,1,1,4
1803,红中赖子杠_30元330000两银子,1,1,4
1804,红中赖子杠_50元555000两银子,1,1,4
1805,红中赖子杠_98元1127000两银子,1,1,4
1806,红中赖子杠_488元5660800两银子,1,1,4
1807,红中赖子杠_998元11676600两银子,1,1,4
1808,红中赖子杠_6元45000两银子,1,1,4
1809,红中赖子杠_12元108000两银子,1,1,4
1810,红中赖子杠_18元198000两银子,1,1,4
1811,红中赖子杠_30元330000两银子,1,1,4
1812,红中赖子杠_50元555000两银子,1,1,4
1813,红中赖子杠_98元1127000两银子,1,1,4
1814,红中赖子杠_198元2277000两银子,1,1,4
1815,红中赖子杠_298元3427000两银子,1,1,4
1816,红中赖子杠_488元5660800两银子,1,1,4
1817,赢三张_6元45000两银子,1,1,4
1818,赢三张_12元108000两银子,1,1,4
1819,赢三张_18元198000两银子,1,1,4
1820,赢三张_50元555000两银子,1,1,4
1821,赢三张_98元1127000两银子,1,1,4
1822,赢三张_298元3427000两银子,1,1,4
1823,赢三张_488元5660800两银子,1,1,4
1824,通化麻将_2元12000两银子,1,1,4
1825,通化麻将_6元45000两银子,1,1,4
1826,通化麻将_10元90000两银子,1,1,4
1827,通化麻将_20元220000两银子,1,1,4
1828,通化麻将_50元555000两银子,1,1,4
1829,通化麻将_100元1150000两银子,1,1,4
1830,通化麻将_300元3450000两银子,1,1,4
1831,丹东麻将_2元12000两银子,1,1,4
1832,丹东麻将_6元45000两银子,1,1,4
1833,丹东麻将_10元90000两银子,1,1,4
1834,丹东麻将_20元220000两银子,1,1,4
1835,丹东麻将_50元555000两银子,1,1,4
1836,丹东麻将_100元1150000两银子,1,1,4
1837,丹东麻将_300元3450000两银子,1,1,4
1838,通化麻将_6元45000两银子,1,1,4
1839,通化麻将_12元108000两银子,1,1,4
1840,通化麻将_18元198000两银子,1,1,4
1841,通化麻将_50元555000两银子,1,1,4
1842,通化麻将_98元1127000两银子,1,1,4
1843,通化麻将_298元3427000两银子,1,1,4
1844,通化麻将_488元5660800两银子,1,1,4
1845,丹东麻将_6元45000两银子,1,1,4
1846,丹东麻将_12元108000两银子,1,1,4
1847,丹东麻将_18元198000两银子,1,1,4
1848,丹东麻将_50元555000两银子,1,1,4
1849,丹东麻将_98元1127000两银子,1,1,4
1850,丹东麻将_298元3427000两银子,1,1,4
1851,丹东麻将_488元5660800两银子,1,1,4
1852,四平麻将_6元45000两银子,1,1,4
1853,四平麻将_12元108000两银子,1,1,4
1854,四平麻将_18元198000两银子,1,1,4
1855,四平麻将_50元555000两银子,1,1,4
1856,四平麻将_98元1127000两银子,1,1,4
1857,四平麻将_298元3427000两银子,1,1,4
1858,四平麻将_488元5660800两银子,1,1,4
1859,四平麻将_2元12000两银子,1,1,4
1860,四平麻将_6元45000两银子,1,1,4
1861,四平麻将_10元90000两银子,1,1,4
1862,四平麻将_20元220000两银子,1,1,4
1863,四平麻将_50元555000两银子,1,1,4
1864,四平麻将_100元1150000两银子,1,1,4
1865,四平麻将_500元5800000两银子,1,1,4
1866,鞍山麻将_2元12000两银子,1,1,4
1867,鞍山麻将_6元45000两银子,1,1,4
1868,鞍山麻将_10元90000两银子,1,1,4
1869,鞍山麻将_20元220000两银子,1,1,4
1870,鞍山麻将_50元555000两银子,1,1,4
1871,鞍山麻将_100元1150000两银子,1,1,4
1872,鞍山麻将_500元5800000两银子,1,1,4
1873,鞍山麻将_6元45000两银子,1,1,4
1874,鞍山麻将_12元108000两银子,1,1,4
1875,鞍山麻将_18元198000两银子,1,1,4
1876,鞍山麻将_50元555000两银子,1,1,4
1877,鞍山麻将_98元1127000两银子,1,1,4
1878,鞍山麻将_298元3427000两银子,1,1,4
1879,鞍山麻将_488元5660800两银子,1,1,4
1880,景德镇两副头_1元负分清零,1,2,4
1881,景德镇两副头_6元100积分,1,2,4
1882,景德镇两副头_12元248积分,1,2,4
1883,景德镇两副头_30元650积分,1,2,4
1884,景德镇两副头_50元1100积分,1,2,4
1885,景德镇两副头_88元2100积分,1,2,4
1886,景德镇两副头_198元5000积分,1,2,4
1887,景德镇两副头_488元13000积分,1,2,4
1888,斗牌_2元36000两银子,1,1,4
1889,斗牌_6元108000两银子,1,1,4
1890,斗牌_12元180000两银子,1,1,4
1891,斗牌_6元108000两银子,1,1,4
1892,斗牌_6元108000两银子,1,1,4
1893,斗牌_12元180000两银子,1,1,4
1894,斗牌_12元180000两银子,1,1,4
1895,斗牌_2元10002个钻石,1,2,4
1896,斗牌_6元10006个钻石,1,2,4
1897,斗牌_12元10012个钻石,1,2,4
1898,陕西麻将_6元45000两银子,1,1,4
1899,陕西麻将_12元108000两银子,1,1,4
1900,陕西麻将_18元198000两银子,1,1,4
1901,陕西麻将_50元555000两银子,1,1,4
1902,陕西麻将_98元1127000两银子,1,1,4
1903,陕西麻将_298元3427000两银子,1,1,4
1904,陕西麻将_2元12000两银子,1,1,4
1905,陕西麻将_6元45000两银子,1,1,4
1906,陕西麻将_10元90000两银子,1,1,4
1907,陕西麻将_20元220000两银子,1,1,4
1908,陕西麻将_50元555000两银子,1,1,4
1909,陕西麻将_100元1150000两银子,1,1,4
1910,陕西麻将_300元3450000两银子,1,1,4
1911,陕西麻将_500元5800000两银子,1,1,4
1912,斗牌_6元20006个钻石,1,2,4
1913,上虞花麻将_1元6000两银子,1,1,4
1914,上虞花麻将_6元45000两银子,1,1,4
1915,上虞花麻将_10元90000两银子,1,1,4
1916,上虞花麻将_20元220000两银子,1,1,4
1917,上虞花麻将_50元555000两银子,1,1,4
1918,上虞花麻将_100元1150000两银子,1,1,4
1919,上虞花麻将_500元5800000两银子,1,1,4
1920,上虞花麻将_1元6000两银子,1,1,4
1921,上虞花麻将_6元45000两银子,1,1,4
1922,上虞花麻将_12元108000两银子,1,1,4
1923,上虞花麻将_18元198000两银子,1,1,4
1924,上虞花麻将_50元555000两银子,1,1,4
1925,上虞花麻将_98元1127000两银子,1,1,4
1926,上虞花麻将_488元5660800两银子,1,1,4
1927,新昌麻将_1元6000两银子,1,1,4
1928,新昌麻将_6元45000两银子,1,1,4
1929,新昌麻将_20元220000两银子,1,1,4
1930,新昌麻将_50元555000两银子,1,1,4
1931,新昌麻将_100元1150000两银子,1,1,4
1932,新昌麻将_200元2300000两银子,1,1,4
1933,新昌麻将_1元6000两银子,1,1,4
1934,新昌麻将_6元45000两银子,1,1,4
1935,新昌麻将_18元198000两银子,1,1,4
1936,新昌麻将_50元555000两银子,1,1,4
1937,新昌麻将_98元1127000两银子,1,1,4
1938,新昌麻将_198元2277000两银子,1,1,4
1939,宁国麻将_6元45000两银子,1,1,4
1940,宁国麻将_12元108000两银子,1,1,4
1941,宁国麻将_18元198000两银子,1,1,4
1942,宁国麻将_50元555000两银子,1,1,4
1943,宁国麻将_2元12000两银子,1,1,4
1944,宁国麻将_6元45000两银子,1,1,4
1945,宁国麻将_10元90000两银子,1,1,4
1946,宁国麻将_20元220000两银子,1,1,4
1947,宁国麻将_50元555000两银子,1,1,4
1948,宁国麻将_100元1150000两银子,1,1,4
1949,本溪麻将_1元6000两银子,1,1,4
1950,本溪麻将_6元45000两银子,1,1,4
1951,本溪麻将_12元108000两银子,1,1,4
1952,本溪麻将_18元198000两银子,1,1,4
1953,本溪麻将_50元555000两银子,1,1,4
1954,本溪麻将_98元1127000两银子,1,1,4
1955,本溪麻将_488元5660800两银子,1,1,4
1956,无锡麻将_6元45000两银子,1,1,4
1957,无锡麻将_12元108000两银子,1,1,4
1958,无锡麻将_18元198000两银子,1,1,4
1959,无锡麻将_30元330000两银子,1,1,4
1960,无锡麻将_50元555000两银子,1,1,4
1961,无锡麻将_98元1127000两银子,1,1,4
1962,无锡麻将_198元2277000两银子,1,1,4
1963,无锡麻将_298元3427000两银子,1,1,4
1964,无锡麻将_488元5660800两银子,1,1,4
1965,无锡麻将_2元12000两银子,1,1,4
1966,无锡麻将_6元45000两银子,1,1,4
1967,无锡麻将_12元108000两银子,1,1,4
1968,无锡麻将_18元198000两银子,1,1,4
1969,无锡麻将_30元330000两银子,1,1,4
1970,无锡麻将_50元555000两银子,1,1,4
1971,无锡麻将_98元1127000两银子,1,1,4
1972,无锡麻将_488元5660800两银子,1,1,4
1973,无锡麻将_998元11676600两银子,1,1,4
1974,鄱阳翻精麻将_2元12000两银子,1,1,4
1975,鄱阳翻精麻将_6元45000两银子,1,1,4
1976,鄱阳翻精麻将_10元90000两银子,1,1,4
1977,鄱阳翻精麻将_20元220000两银子,1,1,4
1978,鄱阳翻精麻将_50元555000两银子,1,1,4
1979,鄱阳翻精麻将_100元1150000两银子,1,1,4
1980,鄱阳翻精麻将_300元3450000两银子,1,1,4
1981,鄱阳翻精麻将_500元5800000两银子,1,1,4
1982,同城游消灭星星_6元229个钻石,1,2,4
1983,同城游消灭星星_12元448个钻石,1,2,4
1984,同城游消灭星星_18元800个钻石,1,2,4
1985,同城游消灭星星_30元1350个钻石,1,2,4
1986,同城游消灭星星_50元2250个钻石,1,2,4
1987,同城游消灭星星_88元3960个钻石,1,2,4
1988,同城游消灭星星_98元4410个钻石,1,2,4
1989,同城游消灭星星_108元4860个钻石,1,2,4
1990,同城游消灭星星_158元7110个钻石,1,2,4
1991,同城游消灭星星_198元8910个钻石,1,2,4
1992,同城游消灭星星_268元12060个钻石,1,2,4
1993,同城游消灭星星_298元13410个钻石,1,2,4
1994,同城游消灭星星_348元15660个钻石,1,2,4
1995,同城游消灭星星_488元21960个钻石,1,2,4
1996,同城游消灭星星_25元1125个钻石,1,2,4
1997,同城游消灭星星_1元35个钻石,1,2,4
1998,绍兴麻将_1元6000两银子,1,1,4
1999,绍兴麻将_6元45000两银子,1,1,4
2000,绍兴麻将_12元108000两银子,1,1,4
2001,绍兴麻将_18元198000两银子,1,1,4
2002,绍兴麻将_50元555000两银子,1,1,4
2003,绍兴麻将_98元1127000两银子,1,1,4
2004,绍兴麻将_488元5660800两银子,1,1,4
2005,合肥麻将_6元45000两银子,1,1,4
2006,合肥麻将_12元108000两银子,1,1,4
2007,合肥麻将_18元198000两银子,1,1,4
2008,合肥麻将_30元330000两银子,1,1,4
2009,合肥麻将_50元555000两银子,1,1,4
2010,合肥麻将_98元1127000两银子,1,1,4
2011,合肥麻将_198元2277000两银子,1,1,4
2012,合肥麻将_298元3427000两银子,1,1,4
2013,合肥麻将_488元5660800两银子,1,1,4
2014,合肥麻将_2元12000两银子,1,1,4
2015,合肥麻将_6元45000两银子,1,1,4
2016,合肥麻将_10元90000两银子,1,1,4
2017,合肥麻将_20元220000两银子,1,1,4
2018,合肥麻将_50元555000两银子,1,1,4
2019,合肥麻将_100元1150000两银子,1,1,4
2020,合肥麻将_300元3450000两银子,1,1,4
2021,合肥麻将_500元5800000两银子,1,1,4
2022,合肥麻将_1000元11700000两银子,1,1,4
2023,湖州麻将_2元12000两银子,1,1,4
2024,湖州麻将_6元45000两银子,1,1,4
2025,湖州麻将_10元90000两银子,1,1,4
2026,湖州麻将_20元220000两银子,1,1,4
2027,湖州麻将_50元555000两银子,1,1,4
2028,湖州麻将_100元1150000两银子,1,1,4
2029,湖州麻将_300元3450000两银子,1,1,4
2030,湖州麻将_500元5800000两银子,1,1,4
2031,湖州麻将_2元12000两银子,1,1,4
2032,湖州麻将_6元45000两银子,1,1,4
2033,湖州麻将_10元90000两银子,1,1,4
2034,湖州麻将_20元220000两银子,1,1,4
2035,湖州麻将_50元555000两银子,1,1,4
2036,湖州麻将_100元1150000两银子,1,1,4
2037,湖州麻将_300元3450000两银子,1,1,4
2038,湖州麻将_500元5800000两银子,1,1,4
2039,罗松_6元45000两银子,1,1,4
2040,罗松_12元108000两银子,1,1,4
2041,罗松_18元198000两银子,1,1,4
2042,罗松_50元555000两银子,1,1,4
2043,罗松_98元1127000两银子,1,1,4
2044,罗松_298元3427000两银子,1,1,4
2045,罗松_488元5660800两银子,1,1,4
2046,罗松_30元30个钻石,1,2,4
2047,罗松_98元98个钻石,1,2,4
2048,军棋翻翻棋(新)_1元负分清零,1,2,4
2049,军棋翻翻棋(新)_1元负分清零,1,2,4
2050,比鸡_2元12000两银子,1,1,4
2051,比鸡_6元45000两银子,1,1,4
2052,比鸡_10元90000两银子,1,1,4
2053,比鸡_20元220000两银子,1,1,4
2054,比鸡_50元555000两银子,1,1,4
2055,比鸡_100元1150000两银子,1,1,4
2056,比鸡_300元3450000两银子,1,1,4
2057,比鸡_500元5800000两银子,1,1,4
2058,比鸡_1000元11700000两银子,1,1,4
2059,罗松_6元13500两银子,1,1,4
2060,罗松_12元32400两银子,1,1,4
2061,罗松_18元59400两银子,1,1,4
2062,罗松_50元166500两银子,1,1,4
2063,罗松_98元338100两银子,1,1,4
2064,比鸡_6元45000两银子,1,1,4
2065,比鸡_12元108000两银子,1,1,4
2066,比鸡_18元198000两银子,1,1,4
2067,比鸡_50元555000两银子,1,1,4
2068,比鸡_98元1127000两银子,1,1,4
2069,比鸡_298元3427000两银子,1,1,4
2070,比鸡_488元5660800两银子,1,1,4
2071,同城游大富翁_5元50个钻石,1,2,4
2072,同城游大富翁_10元100个钻石,1,2,4
2073,同城游大富翁_20元200个钻石,1,2,4
2074,同城游大富翁_50元500个钻石,1,2,4
2075,同城游大富翁_100元1000个钻石,1,2,4
2076,同城游大富翁_200元2000个钻石,1,2,4
2077,南平麻将_6元45000两银子,1,1,4
2078,南平麻将_12元108000两银子,1,1,4
2079,南平麻将_18元198000两银子,1,1,4
2080,南平麻将_30元330000两银子,1,1,4
2081,南平麻将_108元1242000两银子,1,1,4
2082,南平麻将_298元3427000两银子,1,1,4
2083,南平麻将_488元5660800两银子,1,1,4
2084,台州麻将_6元45000两银子,1,1,4
2085,台州麻将_12元108000两银子,1,1,4
2086,台州麻将_18元198000两银子,1,1,4
2087,台州麻将_30元330000两银子,1,1,4
2088,台州麻将_108元1242000两银子,1,1,4
2089,台州麻将_298元3427000两银子,1,1,4
2090,台州麻将_488元5660800两银子,1,1,4
2091,古田麻将_2元12000两银子,1,1,4
2092,古田麻将_6元45000两银子,1,1,4
2093,古田麻将_10元90000两银子,1,1,4
2094,古田麻将_20元220000两银子,1,1,4
2095,古田麻将_50元555000两银子,1,1,4
2096,古田麻将_100元1150000两银子,1,1,4
2097,古田麻将_300元3450000两银子,1,1,4
2098,古田麻将_500元5800000两银子,1,1,4
2099,罗松_2元7000两银子,1,1,4
2100,罗松_6元21000两银子,1,1,4
2101,罗松_10元40000两银子,1,1,4
2102,罗松_20元80000两银子,1,1,4
2103,罗松_50元225000两银子,1,1,4
2104,罗松_100元500000两银子,1,1,4
2105,苏州麻将(新)_1元3500两银子,1,1,4
2106,苏州麻将(新)_2元7000两银子,1,1,4
2107,苏州麻将(新)_3元10500两银子,1,1,4
2108,苏州麻将(新)_6元21000两银子,1,1,4
2109,苏州麻将(新)_9元31500两银子,1,1,4
2110,苏州麻将(新)_10元40000两银子,1,1,4
2111,苏州麻将(新)_20元80000两银子,1,1,4
2112,苏州麻将(新)_50元225000两银子,1,1,4
2113,苏州麻将(新)_100元500000两银子,1,1,4
2114,萌菌大作战_288元2880个钻石,1,2,4
2115,萌菌大作战_648元6480个钻石,1,2,4
2116,萌菌大作战_998元9980个钻石,1,2,4
2117,萌菌大作战_198元1980个钻石,1,2,4
2118,萌菌大作战_298元2980个钻石,1,2,4
2119,萌菌大作战_488元4880个钻石,1,2,4
2120,德州扑克_2元7000两银子,1,1,4
2121,德州扑克_6元21000两银子,1,1,4
2122,德州扑克_10元40000两银子,1,1,4
2123,德州扑克_20元80000两银子,1,1,4
2124,德州扑克_50元225000两银子,1,1,4
2125,德州扑克_100元500000两银子,1,1,4
2126,同城游大富翁_6元60个钻石,1,2,4
2127,同城游大富翁_12元120个钻石,1,2,4
2128,同城游大富翁_30元300个钻石,1,2,4
2129,同城游大富翁_50元500个钻石,1,2,4
2130,同城游大富翁_98元980个钻石,1,2,4
2131,同城游大富翁_198元1980个钻石,1,2,4
2132,南平麻将_1元6000两银子,1,1,4
2133,南平麻将_6元45000两银子,1,1,4
2134,南平麻将_10元90000两银子,1,1,4
2135,南平麻将_20元220000两银子,1,1,4
2136,南平麻将_50元555000两银子,1,1,4
2137,南平麻将_100元1150000两银子,1,1,4
2138,南平麻将_500元5800000两银子,1,1,4
2139,南平麻将_1000元11700000两银子,1,1,4
2140,街机电玩城_1元6000两银子,1,1,4
2141,街机电玩城_12元108000两银子,1,1,4
2142,街机电玩城_30元330000两银子,1,1,4
2143,街机电玩城_98元1127000两银子,1,1,4
2144,街机电玩城_198元2277000两银子,1,1,4
2145,星子麻将_298元3427000两银子,1,1,4
2146,街机电玩城_488元5660800两银子,1,1,4
2147,街机电玩城_2元12000两银子,1,1,4
2148,街机电玩城_6元45000两银子,1,1,4
2149,街机电玩城_10元90000两银子,1,1,4
2150,街机电玩城_20元220000两银子,1,1,4
2151,街机电玩城_50元555000两银子,1,1,4
2152,街机电玩城_100元1150000两银子,1,1,4
2153,街机电玩城_300元3450000两银子,1,1,4
2154,街机电玩城_500元5800000两银子,1,1,4
2155,街机电玩城_1000元11700000两银子,1,1,4
2156,美女捕鱼_2元7000两银子,1,1,4
2157,美女捕鱼_6元21000两银子,1,1,4
2158,美女捕鱼_10元40000两银子,1,1,4
2159,美女捕鱼_20元80000两银子,1,1,4
2160,美女捕鱼_50元225000两银子,1,1,4
2161,美女捕鱼_100元500000两银子,1,1,4
2162,萌菌大作战_1元10个钻石,1,2,4
2163,萌菌大作战_25元250个钻石,1,2,4
2164,萌菌大作战_1元10个钻石,1,2,4
2165,萌菌大作战_25元250个钻石,1,2,4
2166,斗地主_1元3500两银子,1,1,4
2167,斗地主_2元7000两银子,1,1,4
2168,斗地主_3元10500两银子,1,1,4
2169,斗地主_6元21000两银子,1,1,4
2170,斗地主_9元31500两银子,1,1,4
2171,斗地主_10元40000两银子,1,1,4
2172,斗地主_20元80000两银子,1,1,4
2173,斗地主_50元225000两银子,1,1,4
2174,斗地主_100元500000两银子,1,1,4
2175,斗牌_6元15750两银子,1,1,4
2176,斗牌_12元43200两银子,1,1,4
2177,斗牌_18元79200两银子,1,1,4
2178,斗牌_50元249750两银子,1,1,4
2179,斗牌_98元507150两银子,1,1,4
2180,斗牌_298元1713500两银子,1,1,4
2181,斗牌_488元2830400两银子,1,1,4
2182,湖南跑得快_1元50001个钻石,1,2,4
2183,湖南跑得快_6元50002个钻石,1,2,4
2184,湖南跑得快_20元50003个钻石,1,2,4
2185,湖南跑得快_1元50004个钻石,1,2,4
2186,湖南跑得快_1元50005个钻石,1,2,4
2187,湖南跑得快_6元50006个钻石,1,2,4
2188,湖南跑得快_6元50007个钻石,1,2,4
2189,湖南跑得快_6元50008个钻石,1,2,4
2190,湖南跑得快_1元60001个钻石,1,2,4
2191,湖南跑得快_6元60002个钻石,1,2,4
2192,湖南跑得快_20元60003个钻石,1,2,4
2193,湖南跑得快_1元60004个钻石,1,2,4
2194,湖南跑得快_1元60005个钻石,1,2,4
2195,湖南跑得快_6元60006个钻石,1,2,4
2196,湖南跑得快_6元60007个钻石,1,2,4
2197,湖南跑得快_6元60008个钻石,1,2,4
2198,赢三张_6元21000两银子,1,1,4
2199,赢三张_10元40000两银子,1,1,4
2200,赢三张_20元80000两银子,1,1,4
2201,赢三张_50元225000两银子,1,1,4
2202,赢三张_100元500000两银子,1,1,4
2203,赢三张_300元1500000两银子,1,1,4
2204,赢三张_500元2500000两银子,1,1,4
2205,赢三张_1000元5000000两银子,1,1,4
2206,掼蛋_1元6000两银子,1,1,4
2207,掼蛋_3元18000两银子,1,1,4
2208,掼蛋_6元55000两银子,1,1,4
2209,掼蛋_12元100000两银子,1,1,4
2210,掼蛋_28元250000两银子,1,1,4
2211,掼蛋_98元640000两银子,1,1,4
2212,掼蛋_1元6000两银子,1,1,4
2213,掼蛋_3元18000两银子,1,1,4
2214,掼蛋_6元55000两银子,1,1,4
2215,掼蛋_12元100000两银子,1,1,4
2216,掼蛋_28元250000两银子,1,1,4
2217,掼蛋_98元640000两银子,1,1,4
2218,掼蛋_6元50000两银子,1,1,4
2219,掼蛋_6元50000两银子,1,1,4
2220,掼蛋_3元50000两银子,1,1,4
2221,掼蛋_3元50000两银子,1,1,4
2222,湖南跑得快_1元3500两银子,1,1,4
2223,湖南跑得快_2元7000两银子,1,1,4
2224,湖南跑得快_3元10500两银子,1,1,4
2225,湖南跑得快_6元21000两银子,1,1,4
2226,湖南跑得快_9元31500两银子,1,1,4
2227,湖南跑得快_10元40000两银子,1,1,4
2228,湖南跑得快_20元80000两银子,1,1,4
2229,湖南跑得快_50元225000两银子,1,1,4
2230,湖南跑得快_100元500000两银子,1,1,4
2231,掼蛋_3元19000两银子,1,1,4
2232,掼蛋_3元19000两银子,1,1,4
2233,同城游消灭星星_60元6000个钻石,1,2,4
2234,同城游消灭星星_68元6800个钻石,1,2,4
2235,同城游消灭星星_128元12800个钻石,1,2,4
2236,同城游消灭星星_188元18800个钻石,1,2,4
2237,同城游消灭星星_328元32800个钻石,1,2,4
2238,同城游消灭星星_648元64800个钻石,1,2,4
2239,同城游消灭星星_998元99800个钻石,1,2,4
2240,同城游消灭星星_1998元199800个钻石,1,2,4
2241,同城游消灭星星_2998元299800个钻石,1,2,4
2242,萌菌大作战2_10元100个钻石,1,2,4
2243,萌菌大作战2_25元250个钻石,1,2,4
2244,萌菌大作战2_68元680个钻石,1,2,4
2245,萌菌大作战2_108元1080个钻石,1,2,4
2246,萌菌大作战2_288元2880个钻石,1,2,4
2247,萌菌大作战2_648元6480个钻石,1,2,4
2248,萌菌大作战2_6元60个钻石,1,2,4
2249,萌菌大作战2_12元120个钻石,1,2,4
2250,萌菌大作战2_50元500个钻石,1,2,4
2251,萌菌大作战2_98元980个钻石,1,2,4
2252,萌菌大作战2_198元1980个钻石,1,2,4
2253,萌菌大作战2_488元4880个钻石,1,2,4
2254,飞机大战_6元60个钻石,1,2,4
2255,飞机大战_30元300个钻石,1,2,4
2256,飞机大战_68元680个钻石,1,2,4
2257,飞机大战_98元980个钻石,1,2,4
2258,飞机大战_168元1680个钻石,1,2,4
2259,飞机大战_328元3280个钻石,1,2,4
2260,飞机大战_648元6480个钻石,1,2,4
2261,飞机大战_50元500个钻石,1,2,4
2262,飞机大战_100元1000个钻石,1,2,4
2263,湖南跑得快_18元50093个钻石,1,2,4
2264,比鸡_2元7000两银子,1,1,4
2265,比鸡_6元21000两银子,1,1,4
2266,比鸡_10元40000两银子,1,1,4
2267,比鸡_20元80000两银子,1,1,4
2268,比鸡_50元225000两银子,1,1,4
2269,比鸡_100元500000两银子,1,1,4
2270,双扣(新)_2元35两银子,1,1,4
2271,双扣(新)_6元35两银子,1,1,4
2272,双扣(新)_10元40两银子,1,1,4
2273,双扣(新)_20元40两银子,1,1,4
2274,双扣(新)_50元45两银子,1,1,4
2275,双扣(新)_100元50两银子,1,1,4
2276,双扣(新)_2元35两银子,1,1,4
2277,双扣(新)_6元35两银子,1,1,4
2278,双扣(新)_10元40两银子,1,1,4
2279,双扣(新)_20元40两银子,1,1,4
2280,双扣(新)_50元45两银子,1,1,4
2281,双扣(新)_100元50两银子,1,1,4
2282,双扣(新)_2元7000两银子,1,1,4
2283,双扣(新)_6元21000两银子,1,1,4
2284,双扣(新)_10元40000两银子,1,1,4
2285,双扣(新)_20元80000两银子,1,1,4
2286,双扣(新)_50元225000两银子,1,1,4
2287,双扣(新)_100元500000两银子,1,1,4
2288,双扣(新)_2元7000两银子,1,1,4
2289,双扣(新)_6元21000两银子,1,1,4
2290,双扣(新)_10元40000两银子,1,1,4
2291,双扣(新)_20元80000两银子,1,1,4
2292,双扣(新)_50元225000两银子,1,1,4
2293,双扣(新)_100元500000两银子,1,1,4
2294,飞机大战_6元60个钻石,1,2,4
2295,飞机大战_30元300个钻石,1,2,4
2296,飞机大战_68元680个钻石,1,2,4
2297,飞机大战_98元980个钻石,1,2,4
2298,飞机大战_168元1680个钻石,1,2,4
2299,飞机大战_328元3280个钻石,1,2,4
2300,飞机大战_648元6480个钻石,1,2,4
2301,飞机大战_50元500个钻石,1,2,4
2302,飞机大战_100元1000个钻石,1,2,4
2303,萌菌大作战2_1元10个钻石,1,2,4
2304,萌菌大作战2_2元20个钻石,1,2,4
2305,萌菌大作战2_5元50个钻石,1,2,4
2306,萌菌大作战2_6元60个钻石,1,2,4
2307,跑胡子_1元3500两银子,1,1,4
2308,跑胡子_2元7000两银子,1,1,4
2309,跑胡子_3元10500两银子,1,1,4
2310,跑胡子_6元21000两银子,1,1,4
2311,跑胡子_9元31500两银子,1,1,4
2312,跑胡子_10元40000两银子,1,1,4
2313,跑胡子_20元80000两银子,1,1,4
2314,跑胡子_50元225000两银子,1,1,4
2315,跑胡子_100元500000两银子,1,1,4
2316,逮狗腿_2元12000两银子,1,1,4
2317,逮狗腿_6元45000两银子,1,1,4
2318,逮狗腿_10元90000两银子,1,1,4
2319,逮狗腿_20元220000两银子,1,1,4
2320,逮狗腿_50元555000两银子,1,1,4
2321,逮狗腿_100元1150000两银子,1,1,4
2322,逮狗腿_1元6000两银子,1,1,4
2323,逮狗腿_6元45000两银子,1,1,4
2324,逮狗腿_12元108000两银子,1,1,4
2325,逮狗腿_18元198000两银子,1,1,4
2326,逮狗腿_50元555000两银子,1,1,4
2327,逮狗腿_98元1127000两银子,1,1,4
2328,逮狗腿_1元到达10积分,1,2,4
2329,逮狗腿_6元到达120积分,1,2,4
2330,逮狗腿_12元到达360积分,1,2,4
2331,逮狗腿_18元到达1080积分,1,2,4
2332,逮狗腿_50元到达3000积分,1,2,4
2333,逮狗腿_98元到达6000积分,1,2,4
2334,逮狗腿_2元到达20积分,1,2,4
2335,逮狗腿_6元到达120积分,1,2,4
2336,逮狗腿_10元到达300积分,1,2,4
2337,逮狗腿_20元到达1200积分,1,2,4
2338,逮狗腿_50元到达3000积分,1,2,4
2339,逮狗腿_100元到达6000积分,1,2,4
2340,比鸡_300元1500000两银子,1,1,4
2341,比鸡_500元2500000两银子,1,1,4
2342,比鸡_1000元5000000两银子,1,1,4
2343,景德镇麻将(新)_2元7000两银子,1,1,4
2344,景德镇麻将(新)_6元21000两银子,1,1,4
2345,景德镇麻将(新)_10元40000两银子,1,1,4
2346,景德镇麻将(新)_20元80000两银子,1,1,4
2347,景德镇麻将(新)_50元225000两银子,1,1,4
2348,景德镇麻将(新)_100元500000两银子,1,1,4
2349,景德镇麻将(新)_1元3500两银子,1,1,4
2350,景德镇麻将(新)_6元21000两银子,1,1,4
2351,景德镇麻将(新)_12元48000两银子,1,1,4
2352,景德镇麻将(新)_18元72000两银子,1,1,4
2353,景德镇麻将(新)_30元120000两银子,1,1,4
2354,景德镇麻将(新)_50元225000两银子,1,1,4
2355,景德镇麻将(新)_98元441000两银子,1,1,4
2356,血战到底_2元7000两银子,1,1,4
2357,血战到底_6元21000两银子,1,1,4
2358,血战到底_10元40000两银子,1,1,4
2359,血战到底_20元80000两银子,1,1,4
2360,血战到底_50元225000两银子,1,1,4
2361,血战到底_100元500000两银子,1,1,4
2362,血战到底_300元1500000两银子,1,1,4
2363,挖花_2元7000两银子,1,1,4
2364,挖花_6元21000两银子,1,1,4
2365,挖花_10元40000两银子,1,1,4
2366,挖花_20元80000两银子,1,1,4
2367,挖花_50元225000两银子,1,1,4
2368,挖花_100元500000两银子,1,1,4
2369,挖花_300元1500000两银子,1,1,4
2370,挖花_500元2500000两银子,1,1,4
2371,挖花_1000元5000000两银子,1,1,4
2372,苏州麻将(新)_2元7000两银子,1,1,4
2373,苏州麻将(新)_6元21000两银子,1,1,4
2374,苏州麻将(新)_10元40000两银子,1,1,4
2375,苏州麻将(新)_20元80000两银子,1,1,4
2376,苏州麻将(新)_50元225000两银子,1,1,4
2377,苏州麻将(新)_100元500000两银子,1,1,4
2378,苏州麻将(新)_300元1500000两银子,1,1,4
2379,苏州麻将(新)_500元2500000两银子,1,1,4
2380,苏州麻将(新)_1000元5000000两银子,1,1,4
2381,掼蛋_2元7000两银子,1,1,4
2382,掼蛋_6元21000两银子,1,1,4
2383,掼蛋_10元40000两银子,1,1,4
2384,掼蛋_20元80000两银子,1,1,4
2385,掼蛋_50元225000两银子,1,1,4
2386,掼蛋_100元500000两银子,1,1,4
2387,掼蛋_300元1500000两银子,1,1,4
2388,掼蛋_500元2500000两银子,1,1,4
2389,掼蛋_1000元5000000两银子,1,1,4
2390,包分(新)_1元6000两银子,1,1,4
2391,包分(新)_6元45000两银子,1,1,4
2392,包分(新)_18元198000两银子,1,1,4
2393,包分(新)_50元555000两银子,1,1,4
2394,包分(新)_98元1127000两银子,1,1,4
2395,包分(新)_198元2277000两银子,1,1,4
2396,包分(新)_1元6000两银子,1,1,4
2397,包分(新)_6元45000两银子,1,1,4
2398,包分(新)_18元198000两银子,1,1,4
2399,包分(新)_50元555000两银子,1,1,4
2400,包分(新)_98元1127000两银子,1,1,4
2401,包分(新)_198元2277000两银子,1,1,4
2402,打大A(新)_2元7000两银子,1,1,4
2403,打大A(新)_6元21000两银子,1,1,4
2404,打大A(新)_10元40000两银子,1,1,4
2405,打大A(新)_20元80000两银子,1,1,4
2406,打大A(新)_50元225000两银子,1,1,4
2407,打大A(新)_100元5000000两银子,1,1,4
2408,绍兴麻将_1元3500两银子,1,1,4
2409,绍兴麻将_2元7000两银子,1,1,4
2410,绍兴麻将_3元10500两银子,1,1,4
2411,绍兴麻将_6元21000两银子,1,1,4
2412,绍兴麻将_9元31500两银子,1,1,4
2413,绍兴麻将_10元40000两银子,1,1,4
2414,绍兴麻将_20元80000两银子,1,1,4
2415,绍兴麻将_50元225000两银子,1,1,4
2416,绍兴麻将_100元500000两银子,1,1,4
2417,六安麻将_2元7000两银子,1,1,4
2418,六安麻将_6元21000两银子,1,1,4
2419,六安麻将_10元40000两银子,1,1,4
2420,六安麻将_20元80000两银子,1,1,4
2421,六安麻将_50元225000两银子,1,1,4
2422,六安麻将_100元500000两银子,1,1,4
2423,六安麻将_300元1500000两银子,1,1,4
2424,六安麻将_500元2500000两银子,1,1,4
2425,长沙麻将_2元7000两银子,1,1,4
2426,长沙麻将_6元21000两银子,1,1,4
2427,长沙麻将_10元40000两银子,1,1,4
2428,长沙麻将_20元80000两银子,1,1,4
2429,长沙麻将_50元225000两银子,1,1,4
2430,长沙麻将_100元500000两银子,1,1,4
2431,长沙麻将_300元1500000两银子,1,1,4
2432,长沙麻将_500元2500000两银子,1,1,4
2433,长沙麻将_1000元5000000两银子,1,1,4
2434,诸暨包麻将_1元3500两银子,1,1,4
2435,诸暨包麻将_2元7000两银子,1,1,4
2436,诸暨包麻将_3元10500两银子,1,1,4
2437,诸暨包麻将_6元21000两银子,1,1,4
2438,诸暨包麻将_9元31500两银子,1,1,4
2439,诸暨包麻将_10元40000两银子,1,1,4
2440,诸暨包麻将_20元80000两银子,1,1,4
2441,诸暨包麻将_50元225000两银子,1,1,4
2442,诸暨包麻将_100元500000两银子,1,1,4
2443,嵊州麻将(新)_1元3500两银子,1,1,4
2444,嵊州麻将(新)_2元7000两银子,1,1,4
2445,嵊州麻将(新)_3元10500两银子,1,1,4
2446,嵊州麻将(新)_6元21000两银子,1,1,4
2447,嵊州麻将(新)_9元31500两银子,1,1,4
2448,嵊州麻将(新)_10元40000两银子,1,1,4
2449,嵊州麻将(新)_20元80000两银子,1,1,4
2450,嵊州麻将(新)_50元225000两银子,1,1,4
2451,嵊州麻将(新)_100元500000两银子,1,1,4
2452,掼蛋_1元3000两银子,1,1,4
2453,掼蛋_3元9000两银子,1,1,4
2454,掼蛋_12元36000两银子,1,1,4
2455,掼蛋_98元29400两银子,1,1,4
2456,掼蛋_6元18000两银子,1,1,4
2457,掼蛋_20元10000两银子,1,1,4
2458,掼蛋_40元20000两银子,1,1,4
2459,诸暨包麻将_18元180000两银子,1,1,4
2460,诸暨包麻将_98元1087800两银子,1,1,4
2461,诸暨包麻将_12元108000两银子,1,1,4
2462,诸暨包麻将_488元5660800两银子,1,1,4
2463,嵊州麻将(新)_1元3500两银子,1,1,4
2464,嵊州麻将(新)_2元7000两银子,1,1,4
2465,嵊州麻将(新)_3元10500两银子,1,1,4
2466,嵊州麻将(新)_6元21000两银子,1,1,4
2467,嵊州麻将(新)_9元31500两银子,1,1,4
2468,嵊州麻将(新)_10元40000两银子,1,1,4
2469,嵊州麻将(新)_20元80000两银子,1,1,4
2470,嵊州麻将(新)_50元225000两银子,1,1,4
2471,嵊州麻将(新)_100元500000两银子,1,1,4
2472,美女捕鱼_2元6999两银子,1,1,4
2473,美女捕鱼_6元20999两银子,1,1,4
2474,美女捕鱼_10元39999两银子,1,1,4
2475,美女捕鱼_20元79999两银子,1,1,4
2476,美女捕鱼_50元224999两银子,1,1,4
2477,美女捕鱼_100元499999两银子,1,1,4
2478,美女捕鱼_300元1499999两银子,1,1,4
2479,美女捕鱼_500元2499999两银子,1,1,4
2480,美女捕鱼_1000元4999999两银子,1,1,4
2481,美女捕鱼_2元9000两银子,1,1,4
2482,美女捕鱼_10元49880两银子,1,1,4
2483,美女捕鱼_6元29880两银子,1,1,4
2484,美女捕鱼_18元89880两银子,1,1,4
2485,美女捕鱼_50元249880两银子,1,1,4
2486,掼蛋_98元294000两银子,1,1,4
2487,血战麻将_20元220000两银子,1,1,4
2488,上饶麻将_2元7000两银子,1,1,4
2489,上饶麻将_6元21000两银子,1,1,4
2490,上饶麻将_10元40000两银子,1,1,4
2491,上饶麻将_20元80000两银子,1,1,4
2492,上饶麻将_50元225000两银子,1,1,4
2493,上饶麻将_100元500000两银子,1,1,4
2494,逮狗腿_1元3500两银子,1,1,4
2495,逮狗腿_6元21000两银子,1,1,4
2496,逮狗腿_10元40000两银子,1,1,4
2497,逮狗腿_20元80000两银子,1,1,4
2498,逮狗腿_50元225000两银子,1,1,4
2499,逮狗腿_100元500000两银子,1,1,4
2500,飞机大战_6元60个钻石,1,2,4
2501,飞机大战_30元300个钻石,1,2,4
2502,飞机大战_88元880个钻石,1,2,4
2503,飞机大战_98元980个钻石,1,2,4
2504,飞机大战_158元1580个钻石,1,2,4
2505,飞机大战_348元3480个钻石,1,2,4
2506,飞机大战_488元4880个钻石,1,2,4
2507,飞机大战_50元500个钻石,1,2,4
2508,飞机大战_98元1000个钻石,1,2,4
2509,温岭麻将_2元7000两银子,1,1,4
2510,温岭麻将_6元21000两银子,1,1,4
2511,温岭麻将_10元40000两银子,1,1,4
2512,温岭麻将_20元80000两银子,1,1,4
2513,温岭麻将_50元225000两银子,1,1,4
2514,温岭麻将_100元500000两银子,1,1,4
2515,温岭麻将_300元1500000两银子,1,1,4
2516,温岭麻将_500元2500000两银子,1,1,4
2517,温岭麻将_1000元5000000两银子,1,1,4
2518,冲关麻将_2元7000两银子,1,1,4
2519,冲关麻将_6元21000两银子,1,1,4
2520,冲关麻将_10元40000两银子,1,1,4
2521,冲关麻将_20元80000两银子,1,1,4
2522,冲关麻将_50元225000两银子,1,1,4
2523,冲关麻将_100元500000两银子,1,1,4
2524,冲关麻将_300元1500000两银子,1,1,4
2525,血战麻将_2元12000两银子,1,1,4
2526,血战麻将_5元37500两银子,1,1,4
2527,血战麻将_9元81000两银子,1,1,4
2528,血战麻将_18元198000两银子,1,1,4
2529,包分_1元6000两银子,1,1,4
2530,包分_6元45000两银子,1,1,4
2531,包分_12元108000两银子,1,1,4
2532,包分_18元198000两银子,1,1,4
2533,包分_50元555000两银子,1,1,4
2534,包分_98元1127000两银子,1,1,4
2535,包分_2元12000两银子,1,1,4
2536,包分_6元45000两银子,1,1,4
2537,包分_10元90000两银子,1,1,4
2538,包分_20元220000两银子,1,1,4
2539,包分_50元555000两银子,1,1,4
2540,包分_100元1150000两银子,1,1,4
2541,上饶麻将_18元198000两银子,1,1,4
2542,上饶麻将_50元555000两银子,1,1,4
2543,上饶麻将_98元1127000两银子,1,1,4
2544,上饶麻将_488元5660800两银子,1,1,4
2545,宿松同心_98元1127000两银子,1,1,4
2546,宿松同心_198元2277000两银子,1,1,4
2547,宿松同心_298元3427000两银子,1,1,4
2548,宿松同心_1元6000两银子,1,1,4
2549,宿松同心_100元1150000两银子,1,1,4
2550,宿松同心_500元5800000两银子,1,1,4
2551,同城游象棋_1元10个钻石,1,2,4
2552,同城游象棋_6元120个钻石,1,2,4
2553,同城游象棋_12元240个钻石,1,2,4
2554,同城游象棋_30元600个钻石,1,2,4
2555,同城游象棋_50元1000个钻石,1,2,4
2556,同城游象棋_108元2160个钻石,1,2,4
2557,同城游象棋_198元3960个钻石,1,2,4
2558,同城游象棋_6元60个钻石,1,2,4
2559,同城游象棋_6元60个钻石,1,2,4
2560,同城游象棋_12元125个钻石,1,2,4
2561,同城游象棋_30元325个钻石,1,2,4
2562,同城游象棋_50元570个钻石,1,2,4
2563,同城游象棋_108元1280个钻石,1,2,4
2564,同城游象棋_198元2480个钻石,1,2,4
2565,同城游象棋_1元10个钻石,1,2,4
2566,同城游象棋_6元120个钻石,1,2,4
2567,同城游象棋_12元240个钻石,1,2,4
2568,同城游象棋_30元600个钻石,1,2,4
2569,同城游象棋_50元1000个钻石,1,2,4
2570,同城游象棋_108元2160个钻石,1,2,4
2571,同城游象棋_198元3960个钻石,1,2,4
2572,同城游象棋_6元60个钻石,1,2,4
2573,同城游象棋_6元60个钻石,1,2,4
2574,同城游象棋_12元125个钻石,1,2,4
2575,同城游象棋_30元325个钻石,1,2,4
2576,同城游象棋_50元570个钻石,1,2,4
2577,同城游象棋_108元1280个钻石,1,2,4
2578,同城游象棋_198元2480个钻石,1,2,4
2579,血战麻将_1元4500两银子,1,1,4
2580,血战麻将_6元40000两银子,1,1,4
2581,血战麻将_12元100000两银子,1,1,4
2582,血战麻将_1元5000两银子,1,1,4
2583,血战麻将_3元20000两银子,1,1,4
2584,血战麻将_12元105000两银子,1,1,4
2585,比鸡_1元1000个钻石,1,2,4
2586,比鸡_1元1001个钻石,1,2,4
2587,比鸡_1元1002个钻石,1,2,4
2588,比鸡_2元2000个钻石,1,2,4
2589,比鸡_10元2001个钻石,1,2,4
2590,比鸡_6元2002个钻石,1,2,4
2591,比鸡_6元2003个钻石,1,2,4
2592,比鸡_10元2004个钻石,1,2,4
2593,四副牌_1元6000两银子,1,1,4
2594,四副牌_6元45000两银子,1,1,4
2595,四副牌_12元108000两银子,1,1,4
2596,四副牌_18元198000两银子,1,1,4
2597,四副牌_30元330000两银子,1,1,4
2598,四副牌_50元555000两银子,1,1,4
2599,四副牌_108元1242000两银子,1,1,4
2600,同城游罗松_房卡_1元6000两银子,1,1,4
2601,同城游罗松_房卡_2元12000两银子,1,1,4
2602,同城游罗松_房卡_2元12000两银子,1,1,4
2603,同城游罗松_房卡_5元37500两银子,1,1,4
2604,同城游罗松_房卡_6元45000两银子,1,1,4
2605,同城游罗松_房卡_6元45000两银子,1,1,4
2606,同城游罗松_房卡_11元110000两银子,1,1,4
2607,同城游罗松_房卡_18元198000两银子,1,1,4
2608,同城游罗松_房卡_20元220000两银子,1,1,4
2609,同城游罗松_房卡_50元555000两银子,1,1,4
2610,同城游罗松_房卡_50元555000两银子,1,1,4
2611,同城游罗松_房卡_100元1150000两银子,1,1,4
2612,同城游罗松_房卡_100元1150000两银子,1,1,4
2613,同城游罗松_房卡_500元5800000两银子,1,1,4
2614,同城游罗松_房卡_500元5800000两银子,1,1,4
2615,同城游罗松_房卡_1000元11700000两银子,1,1,4
2616,同城游罗松_房卡_1000元11700000两银子,1,1,4
2617,同城游罗松_房卡_1元6000两银子,1,1,4
2618,同城游罗松_房卡_2元12000两银子,1,1,4
2619,同城游罗松_房卡_2元12000两银子,1,1,4
2620,同城游罗松_房卡_5元37500两银子,1,1,4
2621,同城游罗松_房卡_6元45000两银子,1,1,4
2622,同城游罗松_房卡_6元45000两银子,1,1,4
2623,同城游罗松_房卡_12元108000两银子,1,1,4
2624,同城游罗松_房卡_18元198000两银子,1,1,4
2625,同城游罗松_房卡_20元220000两银子,1,1,4
2626,同城游罗松_房卡_50元555000两银子,1,1,4
2627,同城游罗松_房卡_50元555000两银子,1,1,4
2628,同城游罗松_房卡_98元1127000两银子,1,1,4
2629,同城游罗松_房卡_98元1127000两银子,1,1,4
2630,同城游罗松_房卡_488元5660800两银子,1,1,4
2631,同城游罗松_房卡_488元5660800两银子,1,1,4
2632,同城游罗松_房卡_988元11676600两银子,1,1,4
2633,同城游罗松_房卡_988元11676600两银子,1,1,4
2634,四副牌_12元120000两银子,1,1,4
2635,四副牌_18元180000两银子,1,1,4
2636,掼蛋_6元40000两银子,1,1,4
2637,掼蛋_6元40000两银子,1,1,4
2638,同城游罗松_房卡_30元330000两银子,1,1,4
2639,同城游罗松_房卡_648元7516800两银子,1,1,4
2640,保皇_6元78000两银子,1,1,4
2641,保皇_12元108000两银子,1,1,4
2642,保皇_18元198000两银子,1,1,4
2643,保皇_30元555000两银子,1,1,4
2644,保皇_108元1127000两银子,1,1,4
2645,保皇_298元3427000两银子,1,1,4
2646,保皇_488元5660800两银子,1,1,4
2647,保皇_2元12000两银子,1,1,4
2648,保皇_6元78000两银子,1,1,4
2649,保皇_10元90000两银子,1,1,4
2650,保皇_20元220000两银子,1,1,4
2651,保皇_50元555000两银子,1,1,4
2652,保皇_100元1150000两银子,1,1,4
2653,保皇_300元3450000两银子,1,1,4
2654,保皇_500元5800000两银子,1,1,4
2655,保皇_1000元11700000两银子,1,1,4
2656,四冲_1元3500两银子,1,1,4
2657,四冲_2元7000两银子,1,1,4
2658,四冲_3元10500两银子,1,1,4
2659,四冲_6元21000两银子,1,1,4
2660,四冲_9元31500两银子,1,1,4
2661,四冲_10元40000两银子,1,1,4
2662,四冲_20元80000两银子,1,1,4
2663,四冲_50元225000两银子,1,1,4
2664,四冲_100元500000两银子,1,1,4
2665,保皇_6元45000两银子,1,1,4
2666,保皇_6元45000两银子,1,1,4
2667,绍兴麻将_1元6000两银子,1,1,4
2668,绍兴麻将_6元45000两银子,1,1,4
2669,绍兴麻将_18元198000两银子,1,1,4
2670,绍兴麻将_50元555000两银子,1,1,4
2671,绍兴麻将_98元1127000两银子,1,1,4
2672,绍兴麻将_488元5660800两银子,1,1,4
2673,绍兴麻将_1元6000两银子,1,1,4
2674,绍兴麻将_6元45000两银子,1,1,4
2675,绍兴麻将_20元220000两银子,1,1,4
2676,绍兴麻将_50元555000两银子,1,1,4
2677,绍兴麻将_100元1150000两银子,1,1,4
2678,绍兴麻将_500元5800000两银子,1,1,4
2679,双扣_2元70001个钻石,1,2,4
2680,双扣_6元70002个钻石,1,2,4
2681,双扣_12元70003个钻石,1,2,4
2682,双扣_18元70004个钻石,1,2,4
2683,新四人斗地主_1元负分清零,1,2,4
2684,牛鬼_6元45000两银子,1,1,4
2685,牛鬼_18元198000两银子,1,1,4
2686,牛鬼_68元754800两银子,1,1,4
2687,牛鬼_98元1127000两银子,1,1,4
2688,牛鬼_128元1472000两银子,1,1,4
2689,牛鬼_328元3772000两银子,1,1,4
2690,牛鬼_648元7516800两银子,1,1,4
2691,牛鬼_2元12000两银子,1,1,4
2692,牛鬼_6元45000两银子,1,1,4
2693,牛鬼_20元220000两银子,1,1,4
2694,牛鬼_50元555000两银子,1,1,4
2695,牛鬼_100元1150000两银子,1,1,4
2696,牛鬼_500元5800000两银子,1,1,4
2697,266_12元108000两银子,1,1,4
2698,266_18元198000两银子,1,1,4
2699,266_50元555000两银子,1,1,4
2700,266_98元1127000两银子,1,1,4
2701,266_50元555000两银子,1,1,4
2702,挖花_488.00元5660800.00两银子,1,1,4
2703,挖花_998.00元11676600.00两银子,1,1,4
2704,监利开机_1.00元6000.00两银子,1,1,4
2705,监利开机_6.00元45000.00两银子,1,1,4
2706,监利开机_10.00元90000.00两银子,1,1,4
2707,监利开机_20.00元220000.00两银子,1,1,4
2708,监利开机_50.00元555000.00两银子,1,1,4
2709,监利开机_100.00元1150000.00两银子,1,1,4
2710,监利开机_300.00元3450000.00两银子,1,1,4
2711,监利开机_500.00元5800000.00两银子,1,1,4
2712,监利开机_1000.00元11700000.00两银子,1,1,4
2713,监利开机_1.00元6000.00两银子,1,1,4
2714,监利开机_6.00元45000.00两银子,1,1,4
2715,监利开机_12.00元108000.00两银子,1,1,4
2716,监利开机_18.00元198000.00两银子,1,1,4
2717,监利开机_50.00元555000.00两银子,1,1,4
2718,监利开机_98.00元1127000.00两银子,1,1,4
2719,监利开机_298.00元3427000.00两银子,1,1,4
2720,监利开机_488.00元5660800.00两银子,1,1,4
2721,监利开机_988.00元11676600.00两银子,1,1,4
2722,保皇_2.00元7000.00两银子,1,1,4
2723,保皇_6.00元21000.00两银子,1,1,4
2724,保皇_9.00元31500.00两银子,1,1,4
2725,保皇_10.00元40000.00两银子,1,1,4
2726,保皇_20.00元80000.00两银子,1,1,4
2727,保皇_50.00元225000.00两银子,1,1,4
2728,保皇_100.00元500000.00两银子,1,1,4
2729,宜兴麻将1元6000两银子,1,1,4
2730,双扣_1元70005个钻石,1,2,4
2731,266_1元6000两银子,1,1,4
2732,266_6元45000两银子,1,1,4
2733,266_30元330000两银子,1,1,4
2734,266_198元2277000两银子,1,1,4
2735,266_298元3427000两银子,1,1,4
2736,266_1元6000两银子,1,1,4
2737,266_6元45000两银子,1,1,4
2738,266_12元120000两银子,1,1,4
2739,266_18元180000两银子,1,1,4
2740,266_30元330000两银子,1,1,4
2741,266_98元1087800两银子,1,1,4
2742,266_198元2277000两银子,1,1,4
2743,266_298元3427000两银子,1,1,4
2744,266_488元5612000两银子,1,1,4
2745,平阳四副头_1元6000两银子,1,1,4
2746,平阳四副头_6元45000两银子,1,1,4
2747,平阳四副头_10元90000两银子,1,1,4
2748,平阳四副头_20元220000两银子,1,1,4
2749,平阳四副头_50元555000两银子,1,1,4
2750,平阳四副头_100元1150000两银子,1,1,4
2751,平阳四副头_1元6000两银子,1,1,4
2752,平阳四副头_6元45000两银子,1,1,4
2753,平阳四副头_12元108000两银子,1,1,4
2754,平阳四副头_18元198000两银子,1,1,4
2755,平阳四副头_50元555000两银子,1,1,4
2756,平阳四副头_98元1127000两银子,1,1,4
2757,绍兴麻将_2元7000两银子,1,1,4
2758,绍兴麻将_6元21000两银子,1,1,4
2759,绍兴麻将_10元40000两银子,1,1,4
2760,绍兴麻将_20元80000两银子,1,1,4
2761,绍兴麻将_50元225000两银子,1,1,4
2762,绍兴麻将_100元500000两银子,1,1,4
2763,绍兴麻将_200元1000000两银子,1,1,4
2764,绍兴麻将_500元2500000两银子,1,1,4
2765,四副牌_2元12000两银子,1,1,4
2766,绍兴麻将_12元120000两银子,1,1,4
2767,绍兴麻将_12元108000两银子,1,1,4
2768,绍兴麻将_12元48000两银子,1,1,4
2769,包分_12元120000两银子,1,1,4
2770,包分_18元180000两银子,1,1,4
2771,包分_98元1087800两银子,1,1,4
2772,包分_298元3427000两银子,1,1,4
2773,嵊州麻将_6元45000两银子,1,1,4
2774,嵊州麻将_12元108000两银子,1,1,4
2775,嵊州麻将_18元198000两银子,1,1,4
2776,嵊州麻将_50元555000两银子,1,1,4
2777,嵊州麻将_98元1127000两银子,1,1,4
2778,嵊州麻将_298元3427000两银子,1,1,4
2779,诸暨麻将_1元3500两银子,1,1,4
2780,诸暨麻将_6元21000两银子,1,1,4
2781,诸暨麻将_12元48000两银子,1,1,4
2782,诸暨麻将_18元72000两银子,1,1,4
2783,诸暨麻将_30元120000两银子,1,1,4
2784,诸暨麻将_98元441000两银子,1,1,4
2785,诸暨麻将_198元990000两银子,1,1,4
2786,诸暨麻将_298元1490000两银子,1,1,4
2787,诸暨麻将_488元2440000两银子,1,1,4
2788,诸暨麻将_50元225000两银子,1,1,4
2789,包分_1元3500两银子,1,1,4
2790,包分_2元7000两银子,1,1,4
2791,包分_6元21000两银子,1,1,4
2792,包分_12元48000两银子,1,1,4
2793,包分_18元72000两银子,1,1,4
2794,包分_50元225000两银子,1,1,4
2795,包分_98元441000两银子,1,1,4
2796,包分_298元1490000两银子,1,1,4
9215,牛鬼_6元21000两银子,1,1,1
9216,牛鬼_10元40000两银子,1,1,1
9217,牛鬼_20元80000两银子,1,1,1
9218,牛鬼_50元225000两银子,1,1,1
9910,景德镇麻将_1两后备箱银子道具,1,2,1
9911,景德镇麻将_1两游戏银子道具,1,2,1
9912,景德镇麻将_1两保险箱银子道具,1,2,1
9913,游戏道具,1,2,1
9990,10张门票,1,2,1
9997,测试欢乐币,1,0,4
9998,银子兑换测试,1,2,4
9999,预发测试11,1,1,1
10000,人民币购买银子比例商品,2,1,4
10001,蓝钻会员月比例商品,2,1,4
10002,蓝钻会员季比例商品,2,1,4
10003,蓝钻会员年比例商品,2,1,4
10004,商城预发测试--钻石立即消耗,1,2,4
10005,商城预发测试--钻石立即消耗,1,2,4
10006,商城预发测试--积分,1,2,4
10007,商城预发测试-积分送达,1,2,4
10008,商城预发测试-积分清零,1,2,4
10009,商城预发测试-通宝测试,1,2,4
10010,商城预发测试-银子,1,1,4
10011,商城预发测试-蓝钻会员,1,1,4
10012,商城预发测试-银子测试,1,1,4
10013,游戏商城接入欢乐币预发测试,1,1,4
10015,预发测试2,1,1,5
10016,逮狗腿_100元500000两银子,1,1,4
10017,逮狗腿_50元225000两银子,1,1,4
10018,逮狗腿_20元80000两银子,1,1,4
10019,逮狗腿_10元40000两银子,1,1,4
10020,逮狗腿_6元21000两银子,1,1,4
10021,逮狗腿_2元7000两银子,1,1,4
10022,打大A_2元7000两银子,1,1,4
10023,打大A_6元21000两银子,1,1,4
10024,打大A_10元40000两银子,1,1,4
10025,打大A_20元80000两银子,1,1,4
10026,打大A_50元225000两银子,1,1,4
10027,打大A_100元500000两银子,1,1,4
10028,扎股子_1元3500两银子,1,1,4
10029,扎股子_6元21000两银子,1,1,4
10030,扎股子_10元40000两银子,1,1,4
10031,扎股子_20元80000两银子,1,1,4
10032,扎股子_50元225000两银子,1,1,4
10033,六安麻将游戏_好运来,1,2,4
10034,两副头_洗牌,1,2,4
10035,宿松同心_1元3500两银子,1,1,4
10036,宿松同心_6元21000两银子,1,1,4
10037,宿松同心_10元40000两银子,1,1,4
10038,宿松同心_20元80000两银子,1,1,4
10039,宿松同心_50元225000两银子,1,1,4
10040,宿松同心_100元500000两银子,1,1,4
10043,IOS银子比例商品,2,1,4
10044,斗牌合集包_2元7000两银子,1,1,4
10045,斗牌合集包_6元21000两银子,1,1,4
10046,斗牌合集包_10元40000两银子,1,1,4
10047,斗牌合集包_20元80000两银子,1,1,4
10048,斗牌合集包_50元225000两银子,1,1,4
10049,斗牌合集包_100元500000两银子,1,1,4
10050,斗牌合集包_300元1500000两银子,1,1,4
10051,斗牌合集包_500元2500000两银子,1,1,4
10052,斗牌合集包_1000元5000000两银子,1,1,4
10053,宜兴麻将_1元6000两银子特惠礼包,1,1,4
10054,跑胡子_500两1张比赛券,1,2,4
10055,跑胡子_1000两2张比赛券,1,2,4
10056,跑胡子_2500两5张比赛券,1,2,4
10057,跑胡子_5000两10张比赛券,1,2,4
10058,跑胡子_25000两50张比赛券,1,2,4
10059,跑胡子_50000两100张比赛券,1,2,4
10060,跑胡子_10000两20张比赛券,1,2,4
10061,比鸡_初级场保险箱抽奖,1,2,4
10062,比鸡_初级场游戏银子抽奖,1,2,4
10063,比鸡_中级场保险箱抽奖,1,2,4
10064,比鸡_中级场游戏银子抽奖,1,2,4
10065,比鸡_高级场保险箱抽奖,1,2,4
10066,比鸡_高级场游戏银子抽奖,1,2,4
10067,比鸡_大师场保险箱抽奖,1,2,4
10068,比鸡_大师场游戏银子抽奖,1,2,4
10069,景德镇麻将_10两保险箱银子道具,1,2,4
10070,景德镇麻将_10两后备箱银子道具,1,2,4
10071,景德镇麻将_10两游戏银子道具,1,2,4
10072,景德镇麻将_20两保险箱银子道具,1,2,4
10073,景德镇麻将_20两后备箱银子道具,1,2,4
10074,景德镇麻将_20两游戏银子道具,1,2,4
10075,景德镇麻将_50两保险箱银子道具,1,2,4
10076,景德镇麻将_50两后备箱银子道具,1,2,4
10077,景德镇麻将_50两游戏银子道具,1,2,4
10078,景德镇麻将_100两保险箱银子道具,1,2,4
10079,景德镇麻将_100两后备箱银子道具,1,2,4
10080,景德镇麻将_100两游戏银子道具,1,2,4
10081,上饶麻将_10两扣银道具,1,2,4
10082,上饶麻将_20两扣银道具,1,2,4
10083,上饶麻将_30两扣银道具,1,2,4
10084,上饶麻将_40两扣银道具,1,2,4
10085,上饶麻将_50两扣银道具,1,2,4
10086,上饶麻将_60两扣银道具,1,2,4
10087,上饶麻将_70两扣银道具,1,2,4
10088,上饶麻将_80两扣银道具,1,2,4
10089,上饶麻将_90两扣银道具,1,2,4
10090,上饶麻将_100两扣银道具,1,2,4
10091,上饶麻将_200两扣银道具,1,2,4
10092,上饶麻将_300两扣银道具,1,2,4
10093,上饶麻将_400两扣银道具,1,2,4
10094,上饶麻将_500两扣银道具,1,2,4
10095,上饶麻将_600两扣银道具,1,2,4
10096,上饶麻将_700两扣银道具,1,2,4
10097,上饶麻将_800两扣银道具,1,2,4
10098,上饶麻将_900两扣银道具,1,2,4
10099,上饶麻将_1000两扣银道具,1,2,4
10100,上饶麻将_2000两扣银道具,1,2,4
10101,上饶麻将_3000两扣银道具,1,2,4
10102,上饶麻将_4000两扣银道具,1,2,4
10103,上饶麻将_5000两扣银道具,1,2,4
10104,上饶麻将_6000两扣银道具,1,2,4
10105,上饶麻将_7000两扣银道具,1,2,4
10106,上饶麻将_8000两扣银道具,1,2,4
10107,上饶麻将_9000两扣银道具,1,2,4
10108,上饶麻将_10000两扣银道具,1,2,4
10109,上饶麻将_20000两扣银道具,1,2,4
10110,上饶麻将_30000两扣银道具,1,2,4
10111,上饶麻将_40000两扣银道具,1,2,4
10112,上饶麻将_50000两扣银道具,1,2,4
10113,上饶麻将_60000两扣银道具,1,2,4
10114,上饶麻将_70000两扣银道具,1,2,4
10115,上饶麻将_90000两扣银道具,1,2,4
10116,上饶麻将_80000两扣银道具,1,2,4
10117,上饶麻将_10两扣银道具,1,2,4
10118,上饶麻将_20两扣银道具,1,2,4
10119,上饶麻将_30两扣银道具,1,2,4
10120,上饶麻将_40两扣银道具,1,2,4
10121,上饶麻将_50两扣银道具,1,2,4
10122,上饶麻将_60两扣银道具,1,2,4
10123,上饶麻将_70两扣银道具,1,2,4
10124,上饶麻将_80两扣银道具,1,2,4
10125,上饶麻将_90两扣银道具,1,2,4
10126,保皇_45000两1天唐太宗皮肤,1,1,4
10127,保皇_300000两7天唐太宗皮肤,1,1,4
10128,保皇_555000两30天唐太宗皮肤,1,1,4
10129,保皇_45000两30朵鲜花,1,1,4
10130,保皇_45000两30个鸡蛋,1,1,4
10131,保皇_8000两5朵鲜花,1,1,4
10132,保皇_8000两5个鸡蛋,1,1,4
10133,保皇_8000两5个猪头,1,1,4
10134,保皇_8000两5颗爱心,1,1,4
10135,保皇_8000两5个拇指,1,1,4
10136,保皇_8000两5个炸弹,1,1,4
10137,保皇_45000两30个猪头,1,1,4
10138,保皇_45000两30个爱心,1,1,4
10139,保皇_45000两30个拇指,1,1,4
10140,保皇_45000两30个炸弹,1,1,4
10141,保皇_12万两100朵鲜花,1,1,4
10142,保皇_12万两100个鸡蛋,1,1,4
10143,保皇_12万两100个猪头,1,1,4
10144,保皇_12万两100颗爱心,1,1,4
10145,保皇_12万两100个拇指,1,1,4
10146,保皇_12万两100个炸弹,1,1,4
10147,保皇_8000两记牌器1天,1,1,4
10148,保皇_45000两记牌器7天,1,1,4
10149,保皇_15万两记牌器30天,1,1,4
10150,监利开机_1元3500两,1,1,4
10151,监利开机_6元21000两银子,1,1,4
10152,监利开机_10元40000两银子,1,1,4
10153,监利开机_20元80000两银子,1,1,4
10154,监利开机_50元225000两银子,1,1,4
10155,监利开机_100元500000两银子,1,1,4
10156,监利开机-保险箱银子10两扣银道具,1,2,4
10157,监利开机-保险箱银子20两扣银道具,1,2,4
10158,监利开机-保险箱银子30两扣银道具,1,2,4
10159,监利开机-保险箱银子40两扣银道具,1,2,4
10160,监利开机-保险箱银子50两扣银道具,1,2,4
10161,监利开机-保险箱银子60两扣银道具,1,2,1
10162,监利开机-保险箱银子70两扣银道具,1,2,1
10163,监利开机-保险箱银子80两扣银道具,1,2,1
10164,监利开机-保险箱银子90两扣银道具,1,2,1
10165,监利开机-游戏银子100两扣银道具,1,2,1
10166,监利开机-游戏银子200两扣银道具,1,2,1
10167,监利开机-游戏银子300两扣银道具,1,2,1
10168,监利开机-游戏银子400两扣银道具,1,2,1
10169,监利开机_游戏银子500两扣银道具,1,2,1
10170,监利开机_游戏银子600两扣银道具,1,2,1
10171,监利开机_游戏银子700两扣银道具,1,2,1
10172,监利开机_游戏银子800两扣银道具,1,2,1
10173,监利开机_游戏银子900两扣银道具,1,2,1
10174,监利开机_游戏银子1000两扣银道具,1,2,1
10175,监利开机_游戏银子2000两扣银道具,1,2,1
10176,监利开机_游戏银子3000两扣银道具,1,2,1
10177,监利开机_游戏银子4000两扣银道具,1,2,1
10178,监利开机_游戏银子5000两扣银道具,1,2,1
10179,监利开机_游戏银子6000两扣银道具,1,2,1
10180,监利开机_游戏银子8000两扣银道具,1,2,1
10181,监利开机_游戏银子9000两扣银道具,1,2,1
10182,监利开机_游戏银子10000两扣银道具,1,2,1
10183,监利开机_游戏银子20000两扣银道具,1,2,1
10184,监利开机_游戏银子30000两扣银道具,1,2,1
10185,监利开机_游戏银子40000两扣银道具,1,2,1
10186,监利开机_游戏银子50000两扣银道具,1,2,1
10187,监利开机_游戏银子60000两扣银道具,1,2,1
10188,监利开机_游戏银子70000两扣银道具,1,2,1
10189,监利开机_游戏银子80000两扣银道具,1,2,1
10190,监利开机_游戏银子90000两扣银道具,1,2,1
10191,斗牌_2元12000两银子,1,1,4
10192,斗牌_6元45000两银子,1,1,4
10193,斗牌_10元90000两银子,1,1,4
10194,斗牌_20元220000两银子,1,1,4
10195,斗牌_50元555000两银子,1,1,4
10196,斗牌_100元1150000两银子,1,1,4
10197,斗牌_300元3450000两银子,1,1,4
10198,斗牌_500元5800000两银子,1,1,4
10199,斗牌_1000元11700000两银子,1,1,4
10200,监利开机_游戏银子10两扣银道具,1,2,1
10201,监利开机_游戏银子20两扣银道具,1,2,1
10202,监利开机_游戏银子30两扣银道具,1,2,1
10203,监利开机_游戏银子40两扣银道具,1,2,1
10204,监利开机_游戏银子50两扣银道具,1,2,1
10205,监利开机_游戏银子60两扣银道具,1,2,1
10206,监利开机_游戏银子70两扣银道具,1,2,1
10207,监利开机_游戏银子80两扣银道具,1,2,1
10208,监利开机_游戏银子90两扣银道具,1,2,1
10209,斗牌_保险箱银子300两1个冰桶,1,1,4
10210,斗牌_保险箱银子300两1个玫瑰花,1,1,4
10211,斗牌_保险箱银子300两1个炸弹,1,1,4
10212,斗牌_保险箱银子500两1个提示,1,1,4
10213,斗牌_保险箱银子1000两1个喇叭,1,1,4
10214,牛鬼_1元3500两银子,1,1,4
10215,牛鬼_6元21000两银子,1,1,4
10216,牛鬼_10元40000两银子,1,1,4
10217,牛鬼_20元80000两银子,1,1,4
10218,牛鬼_50元225000两银子,1,1,4
10219,牛鬼_100元500000两银子,1,1,4
10220,牛鬼_1元6000两银子,1,1,4
10221,牛鬼_30元330000两银子,1,1,4
10222,牛鬼_50元555000两银子,1,1,4
10223,牛鬼_158元1817000两银子,1,1,4
10224,牛鬼_198元2277000两银子,1,1,4
10225,牛鬼_298元3427000两银子,1,1,4
10226,牛鬼_488元5660800两银子,1,1,4
10227,牛鬼_2元到达0积分,1,2,4
10228,牛鬼_2元20积分,1,2,4
10229,牛鬼_6元120积分,1,2,4
10230,斗牌_保险箱银子300两1个抓鸡,1,1,4
10231,罗松_保险箱银子200两1个刷新挑战任务,1,1,4
10232,罗松_保险箱银子1000两1个喇叭,1,1,4
10233,罗松_保险箱银子8000两1个刮刮乐一键完成,1,1,4
10234,罗松_保险箱银子8000两1个刮刮乐再玩一次,1,1,4
